taxa,name,IUCN_Status,tot_area,BL_area,PA_area,BL_perc,PA_perc,Bio_Rich,avg %BL,avg %PA,avg bior BL,avg bior PA
amphibians,Acris crepitans,LC,24000496538,94545126.29,1947586305,0.393929876,8.114775052,1.65,2.754,9.802,3.768,2.198
amphibians,Ambystoma gracile,LC,3.82E+11,5179161371,35567578331,1.357333396,9.321405228,1.65,2.754,9.802,3.768,2.198
amphibians,Ambystoma jeffersonianum,LC,4.21E+11,5327827949,36882928260,1.266106838,8.764871565,1.65,2.754,9.802,3.768,2.198
amphibians,Ambystoma laterale,LC,3.56E+11,3107394242,26334167760,0.871996738,7.389892174,1.65,2.754,9.802,3.768,2.198
amphibians,Ambystoma macrodactylum,LC,8.08E+11,4850445744,62416838421,0.600512196,7.727552201,1.65,2.754,9.802,3.768,2.198
amphibians,Ambystoma maculatum,LC,3.77E+11,1855374994,24882638008,0.492148595,6.600258905,1.65,2.754,9.802,3.768,2.198
amphibians,Ambystoma mavortium,LC,2.28E+12,21290076541,1.93E+11,0.93415316,8.47307025,1.65,2.754,9.802,3.768,2.198
amphibians,Ambystoma texanum,LC,1.53E+12,8686863280,1.16E+11,0.567966129,7.575055569,1.65,2.754,9.802,3.768,2.198
amphibians,Anaxyrus americanus,LC,2.44E+11,2221790665,30893595202,0.908987434,12.63930499,1.65,2.754,9.802,3.768,2.198
amphibians,Anaxyrus boreas,LC,25072538785,480135471.9,118243476.4,1.914985459,0.471605518,1.65,2.754,9.802,3.768,2.198
amphibians,Anaxyrus cognatus,LC,9780.667441,6120.985476,0,62.58249259,0,1.65,2.754,9.802,3.768,2.198
amphibians,Anaxyrus fowleri,LC,76531631620,253159388.4,10918038948,0.330790528,14.26604754,1.65,2.754,9.802,3.768,2.198
amphibians,Anaxyrus hemiophrys,LC,4245627.526,0,751031.4423,0,17.68952735,1.65,2.754,9.802,3.768,2.198
amphibians,Anaxyrus woodhousii,LC,4.61E+11,2719563101,84571585560,0.589935498,18.34551307,1.65,2.754,9.802,3.768,2.198
amphibians,Ascaphus montanus,LC,4.37E+11,5737549946,36945815435,1.311982897,8.44825377,4.98,2.754,9.802,3.768,2.198
amphibians,Ascaphus truei,LC,6.54E+12,3.56E+11,7.25E+11,5.440234958,11.08603486,4.98,2.754,9.802,3.768,2.198
amphibians,Desmognathus fuscus,LC,1.73E+11,530713445.6,41383647486,0.307650771,23.98980311,4.98,2.754,9.802,3.768,2.198
amphibians,Desmognathus ochrophaeus,LC,8.86E+12,5.98E+11,9.70E+11,6.748682624,10.94725822,4.98,2.754,9.802,3.768,2.198
amphibians,Dicamptodon tenebrosus,LC,2.00E+12,23043055814,1.61E+11,1.150949829,8.033488667,4.98,2.754,9.802,3.768,2.198
amphibians,Ensatina eschscholtzii,LC,1.29E+12,14407874695,94309959829,1.119710373,7.329314178,4.98,2.754,9.802,3.768,2.198
amphibians,Eurycea bislineata,LC,4.08E+11,2632164443,74787675406,0.645661974,18.3451905,4.98,2.754,9.802,3.768,2.198
amphibians,Gyrinophilus porphyriticus,LC,7.21E+12,2.03E+11,7.19E+11,2.8153975,9.973064938,4.98,2.754,9.802,3.768,2.198
amphibians,Hemidactylium scutatum,LC,7.22E+12,2.15E+11,7.61E+11,2.98042775,10.5407057,4.98,2.754,9.802,3.768,2.198
amphibians,Hyla chrysoscelis,LC,30185695.01,0,0,0,0,4.98,2.754,9.802,3.768,2.198
amphibians,Hyla versicolor,LC,10221369280,90679072.33,2360049737,0.887151905,23.08936966,4.98,2.754,9.802,3.768,2.198
amphibians,Lithobates catesbeianus,LC,6.16E+12,1.02E+11,5.98E+11,1.649852911,9.703144994,4.98,2.754,9.802,3.768,2.198
amphibians,Lithobates clamitans,LC,1.84E+11,1311062934,4741901498,0.713426509,2.580347702,4.98,2.754,9.802,3.768,2.198
amphibians,Lithobates palustris,LC,2.72E+11,2215403233,62124111158,0.813533247,22.8130162,4.98,2.754,9.802,3.768,2.198
amphibians,Lithobates pipiens,LC,10716952440,223568329.6,92567846.54,2.08611852,0.863751585,4.98,2.754,9.802,3.768,2.198
amphibians,Lithobates septentrionalis,LC,5.23E+11,8078482754,52836415208,1.544560906,10.1020283,4.98,2.754,9.802,3.768,2.198
amphibians,Lithobates sylvaticus,LC,3.40E+11,2932858805,68982666414,0.863667392,20.31399516,4.98,2.754,9.802,3.768,2.198
amphibians,Necturus maculosus,LC,6.45E+12,4.51E+11,7.58E+11,6.996116126,11.76526072,4.98,2.754,9.802,3.768,2.198
amphibians,Notophthalmus viridescens,LC,8.01E+11,14700245473,61086617270,1.835954792,7.629278565,4.98,2.754,9.802,3.768,2.198
amphibians,Plethodon cinereus,LC,3.62E+12,24725237056,4.05E+11,0.68318883,11.19874472,4.98,2.754,9.802,3.768,2.198
amphibians,Plethodon idahoensis,LC,7.46E+12,2.62E+11,7.57E+11,3.511954236,10.14612099,4.98,2.754,9.802,3.768,2.198
amphibians,Plethodon vehiculum,LC,4.30E+12,1.36E+11,4.19E+11,3.173281403,9.754167518,4.98,2.754,9.802,3.768,2.198
amphibians,Pseudacris crucifer,LC,1.63E+11,1342043218,5389384484,0.824205078,3.309847254,4.98,2.754,9.802,3.768,2.198
amphibians,Pseudacris maculata,LC,2.18E+12,39909441411,2.18E+11,1.827458135,9.986291995,4.98,2.754,9.802,3.768,2.198
amphibians,Pseudacris regilla,LC,264500661.8,0,498704.345,0,0.188545594,4.98,2.754,9.802,3.768,2.198
amphibians,Pseudacris triseriata,LC,55774870017,243950006.4,6750489965,0.437383371,12.103103,4.98,2.754,9.802,3.768,2.198
amphibians,Pseudotriton ruber,LC,3.35E+12,43182652720,3.34E+11,1.287373474,9.94349035,4.98,2.754,9.802,3.768,2.198
amphibians,Rana aurora,LC,1.46E+12,20433084661,1.49E+11,1.401609618,10.25038417,4.98,2.754,9.802,3.768,2.198
amphibians,Rana luteiventris,LC,1.75E+12,23386045557,1.45E+11,1.340152524,8.330590865,4.98,2.754,9.802,3.768,2.198
amphibians,Spea bombifrons,LC,5.89E+12,1.49E+11,5.99E+11,2.530048592,10.1640167,3.7,2.754,9.802,3.768,2.198
amphibians,Spea intermontana,LC,2.98E+12,18241298977,2.96E+11,0.612756023,9.92966845,3.7,2.754,9.802,3.768,2.198
amphibians,Taricha granulosa,LC,6.97E+12,1.67E+11,5.27E+11,2.400449753,7.567914497,3.7,2.754,9.802,3.768,2.198
amphibians,Aneides ferreus,NT,1.82E+12,22657033740,1.73E+11,1.242096613,9.484645502,3.7,2.754,9.802,3.768,2.198
amphibians,Aneides vagrans,NT,6.88E+11,13721731726,52642795659,1.995572102,7.655921024,3.7,2.754,9.802,3.768,2.198
amphibians,Rana cascadae,NT,1.01E+11,350045304.2,14666838493,0.346154046,14.50379543,1.19,2.754,9.802,3.768,2.198
amphibians,Rana pretiosa,VU,13718336148,187892072.5,87942031.22,1.369641846,0.641054646,1.19,2.754,9.802,3.768,2.198
birds,Brachyramphus marmoratus,EN,1531164653,72239001.4,6777696.974,4.717912032,0.44264978,1.65,3.419,11.249,4.234,4.932
birds,Grus americana,EN,2.48E+12,12960844356,2.20E+11,0.521826163,8.870042815,1.65,3.419,11.249,4.234,4.932
birds,Synthliboramphus hypoleucus,EN,17355699593,0,1089416962,0,6.276998261,1.65,3.419,11.249,4.234,4.932
birds,Accipiter cooperii,LC,115024869.4,0,18773933.86,0,16.32163024,1.65,3.419,11.249,4.234,4.932
birds,Accipiter gentilis,LC,1.08E+12,17183873707,53301361430,1.589546683,4.930494933,1.65,3.419,11.249,4.234,4.932
birds,Accipiter striatus,LC,349933.9208,0,327870.4726,0,93.69496729,1.65,3.419,11.249,4.234,4.932
birds,Actitis macularius,LC,33077524996,153318236.2,4293545084,0.463511814,12.98024893,1.65,3.419,11.249,4.234,4.932
birds,Aechmophorus clarkii,LC,1178869381,66902252.22,26450694.06,5.675120016,2.243734079,1.65,3.419,11.249,4.234,4.932
birds,Aechmophorus occidentalis,LC,98327368655,387781853.3,20888469797,0.394378349,21.24380026,1.65,3.419,11.249,4.234,4.932
birds,Aegolius acadicus,LC,90896972149,102240890.8,2746837370,0.112479974,3.021923948,1.65,3.419,11.249,4.234,4.932
birds,Aegolius funereus,LC,4327454.939,0,0,0,0,1.65,3.419,11.249,4.234,4.932
birds,Aeronautes saxatalis,LC,92758910.1,1447138.724,25426643.06,1.560107511,27.41153711,1.65,3.419,11.249,4.234,4.932
birds,Agelaius phoeniceus,LC,11879552320,72871748.31,752095407,0.613421671,6.331007994,1.65,3.419,11.249,4.234,4.932
birds,Aix sponsa,LC,6.19E+11,2038573114,45911146869,0.329520214,7.421196137,1.65,3.419,11.249,4.234,4.932
birds,Alle alle,LC,1.64E+11,2467225399,12977463143,1.500523214,7.892665466,1.65,3.419,11.249,4.234,4.932
birds,Ammodramus bairdii,LC,6.11E+12,1.22E+11,5.07E+11,1.996097973,8.300113558,1.65,3.419,11.249,4.234,4.932
birds,Ammodramus leconteii,LC,3.19E+11,3705077109,26301219698,1.159965861,8.234246155,1.65,3.419,11.249,4.234,4.932
birds,Ammodramus nelsoni,LC,7.83E+11,5017628203,59886805551,0.641085489,7.651535843,1.65,3.419,11.249,4.234,4.932
birds,Ammodramus savannarum,LC,7.30E+11,3990753653,56733125031,0.547046491,7.776891206,1.65,3.419,11.249,4.234,4.932
birds,Anas acuta,LC,943474467.5,20964490.92,48784884.02,2.222051751,5.170768866,1.65,3.419,11.249,4.234,4.932
birds,Anas crecca,LC,52453417354,214166662.7,7027984719,0.408298779,13.39852592,1.65,3.419,11.249,4.234,4.932
birds,Anas platyrhynchos,LC,1.51E+12,9601417585,1.32E+11,0.637400531,8.754443641,1.65,3.419,11.249,4.234,4.932
birds,Anas rubripes,LC,2.78E+12,28934429351,1.82E+11,1.039952428,6.5272772,1.65,3.419,11.249,4.234,4.932
birds,Anser albifrons,LC,1919872772,27419499.95,85051531.8,1.428193594,4.430060837,1.65,3.419,11.249,4.234,4.932
birds,Anser caerulescens,LC,1.95E+11,2778002206,9671385020,1.421747394,4.949696013,1.65,3.419,11.249,4.234,4.932
birds,Anser rossii,LC,23248813981,1398329930,1400624069,6.014629094,6.024496865,1.65,3.419,11.249,4.234,4.932
birds,Anthus rubescens,LC,1.13E+11,399865525.2,23054404468,0.354110119,20.41635848,1.65,3.419,11.249,4.234,4.932
birds,Antigone canadensis,LC,8.21E+11,13442525987,91911059818,1.63750366,11.19616186,4.98,3.419,11.249,4.234,4.932
birds,Antrostomus carolinensis,LC,5.22E+12,1.44E+11,5.28E+11,2.753161074,10.1267969,4.98,3.419,11.249,4.234,4.932
birds,Antrostomus vociferus,LC,6.94E+12,1.84E+11,7.04E+11,2.649269559,10.14689227,4.98,3.419,11.249,4.234,4.932
birds,Aquila chrysaetos,LC,5.57E+12,1.13E+11,5.56E+11,2.028868262,9.988201973,4.98,3.419,11.249,4.234,4.932
birds,Archilochus alexandri,LC,44456636753,779187099,3921095944,1.752690163,8.820046297,4.98,3.419,11.249,4.234,4.932
birds,Archilochus colubris,LC,4.70E+12,1.11E+11,4.99E+11,2.370791621,10.62110838,4.98,3.419,11.249,4.234,4.932
birds,Ardea alba,LC,1.23E+12,9973132487,1.08E+11,0.810141029,8.746207748,4.98,3.419,11.249,4.234,4.932
birds,Ardea herodias,LC,87397883156,1055170735,8340591402,1.207318412,9.543241896,4.98,3.419,11.249,4.234,4.932
birds,Ardenna carneipes,LC,5573366665,268766263.5,217009853.4,4.822332347,3.893694178,4.98,3.419,11.249,4.234,4.932
birds,Ardenna gravis,LC,3.89E+11,6315239031,27755092539,1.624111527,7.137871664,4.98,3.419,11.249,4.234,4.932
birds,Ardenna tenuirostris,LC,7687455.414,9994.077581,0,0.130005015,0,4.98,3.419,11.249,4.234,4.932
birds,Arenaria interpres,LC,2.44E+12,27040272560,2.36E+11,1.110227999,9.684926179,4.98,3.419,11.249,4.234,4.932
birds,Arenaria melanocephala,LC,1.12E+12,19026840676,1.39E+11,1.696214719,12.41819513,4.98,3.419,11.249,4.234,4.932
birds,Asio flammeus,LC,7.11E+12,2.22E+11,6.99E+11,3.127676406,9.829763558,4.98,3.419,11.249,4.234,4.932
birds,Asio otus,LC,6.28E+12,2.22E+11,6.30E+11,3.539312244,10.02712706,4.98,3.419,11.249,4.234,4.932
birds,Athene cunicularia,LC,3.25E+12,15337443216,3.01E+11,0.472607475,9.283675029,4.98,3.419,11.249,4.234,4.932
birds,Aythya affinis,LC,1.21E+12,2.52E+11,1.58E+11,20.79652774,13.059744,4.98,3.419,11.249,4.234,4.932
birds,Aythya americana,LC,4.89E+11,87332507839,95787851642,17.84352817,19.57109983,4.98,3.419,11.249,4.234,4.932
birds,Aythya collaris,LC,2.12E+11,34061773889,82352788365,16.03206427,38.76149258,4.98,3.419,11.249,4.234,4.932
birds,Aythya marila,LC,3.79E+12,4.71E+11,5.08E+11,12.43808738,13.42795058,4.98,3.419,11.249,4.234,4.932
birds,Aythya valisineria,LC,6.86E+11,12487481846,50752528966,1.82086147,7.400477184,4.98,3.419,11.249,4.234,4.932
birds,Baeolophus bicolor,LC,6.28E+12,5.19E+11,6.90E+11,8.266854257,10.97530012,4.98,3.419,11.249,4.234,4.932
birds,Bartramia longicauda,LC,2187828520,0,19160260.15,0,0.875766084,4.98,3.419,11.249,4.234,4.932
birds,Bombycilla cedrorum,LC,4.53E+12,2.34E+11,4.57E+11,5.156882691,10.09123502,4.98,3.419,11.249,4.234,4.932
birds,Bombycilla garrulus,LC,60646936014,891992937.2,7479967985,1.470796376,12.33362883,4.98,3.419,11.249,4.234,4.932
birds,Bonasa umbellus,LC,1.41E+12,17201294684,1.05E+11,1.220586201,7.430595111,4.98,3.419,11.249,4.234,4.932
birds,Botaurus lentiginosus,LC,2.40E+11,1128706645,16550926863,0.470864308,6.904575931,4.98,3.419,11.249,4.234,4.932
birds,Branta bernicla,LC,3.84E+12,35675626484,3.69E+11,0.928864595,9.620298521,4.98,3.419,11.249,4.234,4.932
birds,Branta canadensis,LC,3254315963,44020709.29,896248101.5,1.35268701,27.54029147,4.98,3.419,11.249,4.234,4.932
birds,Branta hutchinsii,LC,3945400929,64669241.04,969369849,1.639104421,24.56961577,4.98,3.419,11.249,4.234,4.932
birds,Bubo scandiacus,LC,4340676705,73619557.68,978778410,1.696038721,22.54898203,4.98,3.419,11.249,4.234,4.932
birds,Bubo virginianus,LC,6529217378,25377227.01,217180020.7,0.388671805,3.326279524,4.98,3.419,11.249,4.234,4.932
birds,Bubulcus ibis,LC,23539739543,2118973371,1418997179,9.001685713,6.028092099,4.98,3.419,11.249,4.234,4.932
birds,Bucephala albeola,LC,4354097828,73637768.89,991611440.2,1.691229086,22.77421132,4.98,3.419,11.249,4.234,4.932
birds,Bucephala clangula,LC,1.44E+12,2.25E+11,1.39E+11,15.57588574,9.658467834,4.98,3.419,11.249,4.234,4.932
birds,Bucephala islandica,LC,52538422743,478483919,9640062687,0.910731411,18.34859553,4.98,3.419,11.249,4.234,4.932
birds,Buteo jamaicensis,LC,7.67E+12,3.19E+11,7.88E+11,4.151324802,10.27231303,4.98,3.419,11.249,4.234,4.932
birds,Buteo lagopus,LC,3.52E+12,32734752341,3.72E+11,0.929693587,10.55803144,4.98,3.419,11.249,4.234,4.932
birds,Buteo lineatus,LC,4.06E+11,5183945691,29413438117,1.275964837,7.239758093,4.98,3.419,11.249,4.234,4.932
birds,Buteo platypterus,LC,3.52E+12,1.53E+11,3.19E+11,4.351531757,9.076086478,4.98,3.419,11.249,4.234,4.932
birds,Buteo regalis,LC,1.66E+12,21069007134,1.49E+11,1.272773402,9.021116603,4.98,3.419,11.249,4.234,4.932
birds,Buteo swainsoni,LC,3.76E+12,60909679474,3.16E+11,1.620380435,8.412847849,4.98,3.419,11.249,4.234,4.932
birds,Butorides striata,LC,3.17E+12,2.23E+11,3.13E+11,7.016545101,9.855568196,4.98,3.419,11.249,4.234,4.932
birds,Calamospiza melanocorys,LC,2.23E+12,1.37E+11,2.15E+11,6.137320368,9.673995549,4.98,3.419,11.249,4.234,4.932
birds,Calcarius lapponicus,LC,21212109543,448827861.1,111201854.7,2.115903938,0.524237604,4.98,3.419,11.249,4.234,4.932
birds,Calcarius pictus,LC,9.71E+11,40396937794,92051457796,4.15835295,9.475531363,4.98,3.419,11.249,4.234,4.932
birds,Calidris alba,LC,3.79E+12,34265502430,3.76E+11,0.905290397,9.92552365,4.98,3.419,11.249,4.234,4.932
birds,Calidris alpina,LC,5.72E+12,1.82E+11,5.64E+11,3.173138653,9.868086219,4.98,3.419,11.249,4.234,4.932
birds,Calidris bairdii,LC,5.38E+12,80067758710,5.19E+11,1.488917182,9.651531913,4.98,3.419,11.249,4.234,4.932
birds,Calidris fuscicollis,LC,4.49E+12,39239126744,4.51E+11,0.873935379,10.03762615,4.98,3.419,11.249,4.234,4.932
birds,Calidris himantopus,LC,5696613686,114949412.8,2307093754,2.017855153,40.49938931,4.98,3.419,11.249,4.234,4.932
birds,Calidris maritima,LC,1.13E+11,467172950.5,25725371044,0.412827037,22.73275601,4.98,3.419,11.249,4.234,4.932
birds,Calidris mauri,LC,1.17E+12,2.14E+11,1.66E+11,18.32608177,14.22989236,4.98,3.419,11.249,4.234,4.932
birds,Calidris melanotos,LC,6.65E+12,2.06E+11,6.80E+11,3.093969139,10.23411339,4.98,3.419,11.249,4.234,4.932
birds,Calidris minutilla,LC,7.78E+11,2.06E+11,97548286643,26.49078644,12.53207474,4.98,3.419,11.249,4.234,4.932
birds,Calidris ptilocnemis,LC,8.76E+12,5.40E+11,9.41E+11,6.165449949,10.74930038,4.98,3.419,11.249,4.234,4.932
birds,Calidris virgata,LC,6.58E+12,1.57E+11,6.15E+11,2.382986056,9.350343996,4.98,3.419,11.249,4.234,4.932
birds,Callipepla californica,LC,5.12E+11,6477311231,58642375759,1.266333869,11.46476122,4.98,3.419,11.249,4.234,4.932
birds,Calonectris borealis,LC,4.48E+12,1.19E+11,4.31E+11,2.663570522,9.628931176,4.98,3.419,11.249,4.234,4.932
birds,Calypte anna,LC,6.86E+12,1.97E+11,6.81E+11,2.867694157,9.9258009,4.98,3.419,11.249,4.234,4.932
birds,Cardinalis cardinalis,LC,4.49E+12,3.97E+11,5.58E+11,8.840783672,12.41551304,4.98,3.419,11.249,4.234,4.932
birds,Carduelis flammea,LC,2.02E+11,2765556351,13354263827,1.367652882,6.604095192,4.98,3.419,11.249,4.234,4.932
birds,Carduelis pinus,LC,1.59E+12,17450177760,1.44E+11,1.09423289,9.008811327,4.98,3.419,11.249,4.234,4.932
birds,Carduelis tristis,LC,3.91E+11,7197285647,5340022168,1.838890867,1.364364077,4.98,3.419,11.249,4.234,4.932
birds,Carpodacus mexicanus,LC,4.89E+11,9676525246,35061461908,1.978020354,7.167064987,4.98,3.419,11.249,4.234,4.932
birds,Carpodacus purpureus,LC,3.17E+11,1820906331,24225823946,0.573557223,7.630758418,4.98,3.419,11.249,4.234,4.932
birds,Catharacta maccormicki,LC,3.36E+12,4.41E+11,4.39E+11,13.12483058,13.05187039,4.98,3.419,11.249,4.234,4.932
birds,Catharacta skua,LC,2.63E+11,4018899998,21487906704,1.525973033,8.15894055,4.98,3.419,11.249,4.234,4.932
birds,Cathartes aura,LC,5.22E+11,80853658843,1.33E+11,15.50005766,25.53737839,4.98,3.419,11.249,4.234,4.932
birds,Catharus fuscescens,LC,8.96E+11,1.13E+11,1.15E+11,12.63939552,12.85425182,4.98,3.419,11.249,4.234,4.932
birds,Catharus guttatus,LC,7.88E+11,1.56E+11,1.06E+11,19.86977484,13.40030343,4.98,3.419,11.249,4.234,4.932
birds,Catharus minimus,LC,1.98E+12,3.26E+11,2.69E+11,16.4519934,13.59663248,4.98,3.419,11.249,4.234,4.932
birds,Catharus ustulatus,LC,6.67E+11,74384642979,49434731695,11.14986796,7.41000708,4.98,3.419,11.249,4.234,4.932
birds,Catherpes mexicanus,LC,3.81E+11,1472992470,19907844813,0.386657962,5.225774642,4.98,3.419,11.249,4.234,4.932
birds,Cepphus columba,LC,1.29E+12,2.63E+11,1.61E+11,20.37768392,12.50547537,4.98,3.419,11.249,4.234,4.932
birds,Cepphus grylle,LC,3.13E+11,60650720652,39979607721,19.39292157,12.78338309,4.98,3.419,11.249,4.234,4.932
birds,Cerorhinca monocerata,LC,7.80E+11,1.18E+11,77360322388,15.1286347,9.922732979,4.98,3.419,11.249,4.234,4.932
birds,Certhia americana,LC,45759231191,287528836.8,8180905876,0.628351546,17.87815412,4.98,3.419,11.249,4.234,4.932
birds,Chaetura vauxi,LC,3.51E+12,2.63E+11,3.74E+11,7.500143408,10.6504772,4.98,3.419,11.249,4.234,4.932
birds,Charadrius hiaticula,LC,2.25E+11,620275261.5,51315368147,0.275263978,22.77258705,4.98,3.419,11.249,4.234,4.932
birds,Charadrius semipalmatus,LC,2.19E+12,3.67E+11,2.90E+11,16.77828699,13.23621935,4.98,3.419,11.249,4.234,4.932
birds,Charadrius vociferus,LC,4.92E+11,1.02E+11,45254528475,20.68996501,9.194005785,4.98,3.419,11.249,4.234,4.932
birds,Chlidonias niger,LC,1880059635,19640281.55,69916889.78,1.04466269,3.718865534,4.98,3.419,11.249,4.234,4.932
birds,Chondestes grammacus,LC,1.70E+11,1110901751,29083515285,0.653915765,17.11957798,4.98,3.419,11.249,4.234,4.932
birds,Chordeiles minor,LC,1.32E+11,693675330.9,2476781952,0.525309427,1.875628051,4.98,3.419,11.249,4.234,4.932
birds,Cinclus mexicanus,LC,4.81E+12,71997330613,5.33E+11,1.496383398,11.07972651,4.98,3.419,11.249,4.234,4.932
birds,Circus hudsonius,LC,2.32E+12,25805524679,1.81E+11,1.112677228,7.785299674,4.98,3.419,11.249,4.234,4.932
birds,Cistothorus palustris,LC,1.67E+11,2296416496,21626379115,1.374332862,12.94270597,4.98,3.419,11.249,4.234,4.932
birds,Cistothorus platensis,LC,2.76E+11,1369829265,18843264998,0.496319824,6.827336959,4.98,3.419,11.249,4.234,4.932
birds,Coccothraustes vespertinus,LC,3.42E+12,27884705227,3.79E+11,0.815602865,11.07094864,4.98,3.419,11.249,4.234,4.932
birds,Coccyzus americanus,LC,969555372.4,0,37193795.91,0,3.83617037,4.98,3.419,11.249,4.234,4.932
birds,Coccyzus erythropthalmus,LC,6834609367,25431666.21,231857848.2,0.37210124,3.392408194,4.98,3.419,11.249,4.234,4.932
birds,Colaptes auratus,LC,6.25E+11,8473308468,45685702654,1.356491601,7.31382224,4.98,3.419,11.249,4.234,4.932
birds,Colaptes cafer,LC,28389420319,321713.412,3784224093,0.001133216,13.32969835,4.98,3.419,11.249,4.234,4.932
birds,Contopus sordidulus,LC,2.98E+12,1.45E+11,2.55E+11,4.857046841,8.577240553,4.98,3.419,11.249,4.234,4.932
birds,Contopus virens,LC,5.45E+12,77466025811,5.38E+11,1.420491757,9.861664562,4.98,3.419,11.249,4.234,4.932
birds,Corvus brachyrhynchos,LC,65280940940,1448295958,4720582964,2.218558643,7.231180949,4.98,3.419,11.249,4.234,4.932
birds,Corvus caurinus,LC,1.16E+11,366687961.2,17437508905,0.316214418,15.03728595,4.98,3.419,11.249,4.234,4.932
birds,Corvus corax,LC,92112658560,503213324.7,21328655675,0.546302031,23.15496698,4.98,3.419,11.249,4.234,4.932
birds,Coturnicops noveboracensis,LC,3666416677,55928888.69,843032341.5,1.52543733,22.99335879,4.98,3.419,11.249,4.234,4.932
birds,Cyanocitta cristata,LC,3212040.731,3188995.772,0,99.28254461,0,4.98,3.419,11.249,4.234,4.932
birds,Cyanocitta stelleri,LC,2.00E+11,2511745593,14233629112,1.253707414,7.104543706,4.98,3.419,11.249,4.234,4.932
birds,Cygnus buccinator,LC,3790317732,0,1369869505,0,36.14128424,4.98,3.419,11.249,4.234,4.932
birds,Cygnus columbianus,LC,3.43E+12,4.97E+11,3.80E+11,14.48622879,11.06898531,4.98,3.419,11.249,4.234,4.932
birds,Cypseloides niger,LC,2.77E+12,29948562512,2.51E+11,1.080112066,9.065142362,4.98,3.419,11.249,4.234,4.932
birds,Dendragapus fuliginosus,LC,1.97E+11,999828547.9,20089337429,0.507268216,10.19242987,4.98,3.419,11.249,4.234,4.932
birds,Dendragapus obscurus,LC,4.84E+12,59843287507,4.75E+11,1.237462938,9.826769443,4.98,3.419,11.249,4.234,4.932
birds,Dendroica caerulescens,LC,1.58E+12,38472401231,2.48E+11,2.430204721,15.68852141,4.98,3.419,11.249,4.234,4.932
birds,Dendroica castanea,LC,6.10E+12,1.98E+11,6.17E+11,3.239072282,10.12449765,4.98,3.419,11.249,4.234,4.932
birds,Dendroica coronata,LC,1.14E+12,17322926331,68731226325,1.520554896,6.033022407,4.98,3.419,11.249,4.234,4.932
birds,Dendroica discolor,LC,6.55E+11,13278975575,55947245785,2.028511182,8.546563931,4.98,3.419,11.249,4.234,4.932
birds,Dendroica fusca,LC,3.91E+12,5.22E+11,4.52E+11,13.35827392,11.56314544,4.98,3.419,11.249,4.234,4.932
birds,Dendroica magnolia,LC,2.61E+12,26008653828,2.80E+11,0.997299008,10.72109717,4.98,3.419,11.249,4.234,4.932
birds,Dendroica nigrescens,LC,1.01E+11,1209551785,2405496742,1.201585933,2.389654649,4.98,3.419,11.249,4.234,4.932
birds,Dendroica palmarum,LC,1.17E+12,11174112591,88594171362,0.951841912,7.546697315,4.98,3.419,11.249,4.234,4.932
birds,Dendroica pensylvanica,LC,5.48E+12,1.56E+11,4.56E+11,2.839806178,8.32669384,4.98,3.419,11.249,4.234,4.932
birds,Dendroica petechia,LC,2.23E+12,40038185269,2.82E+11,1.797814557,12.66243701,4.98,3.419,11.249,4.234,4.932
birds,Dendroica pinus,LC,20771545356,448812444.5,111071376.7,2.160708011,0.534728518,4.98,3.419,11.249,4.234,4.932
birds,Dendroica striata,LC,5.31E+12,62850565092,5.45E+11,1.182815615,10.26245488,4.98,3.419,11.249,4.234,4.932
birds,Dendroica tigrina,LC,2.21E+12,37540514261,2.70E+11,1.698101031,12.22649269,4.98,3.419,11.249,4.234,4.932
birds,Dendroica townsendi,LC,4.75E+11,4949542040,32390384330,1.042664377,6.823318122,4.98,3.419,11.249,4.234,4.932
birds,Dendroica virens,LC,4.74E+12,44208020591,4.74E+11,0.933427338,10.00853976,4.98,3.419,11.249,4.234,4.932
birds,Dolichonyx oryzivorus,LC,6.18E+11,3435855633,53054098827,0.556343899,8.590676491,4.98,3.419,11.249,4.234,4.932
birds,Dryobates pubescens,LC,2.48E+12,15915119781,2.19E+11,0.642516107,8.828414078,4.98,3.419,11.249,4.234,4.932
birds,Dumetella carolinensis,LC,46188752922,505658322,1116075230,1.094765046,2.416335492,4.98,3.419,11.249,4.234,4.932
birds,Egretta thula,LC,6.23E+12,1.67E+11,6.03E+11,2.684705934,9.68209924,4.98,3.419,11.249,4.234,4.932
birds,Elanoides forficatus,LC,7940510586,173388137.3,531772238.6,2.183589271,6.696952706,4.98,3.419,11.249,4.234,4.932
birds,Empidonax alnorum,LC,3.11E+12,23783291029,2.90E+11,0.765166591,9.31703309,4.98,3.419,11.249,4.234,4.932
birds,Empidonax difficilis,LC,1.36E+11,549489567.7,20848812984,0.403759456,15.31949992,4.98,3.419,11.249,4.234,4.932
birds,Empidonax flaviventris,LC,3.21E+12,29533153040,2.94E+11,0.920627017,9.152702166,4.98,3.419,11.249,4.234,4.932
birds,Empidonax hammondii,LC,1.58E+12,14791155357,1.46E+11,0.935141211,9.228514782,4.98,3.419,11.249,4.234,4.932
birds,Empidonax minimus,LC,6.99E+12,2.63E+11,7.27E+11,3.758696043,10.4045856,4.98,3.419,11.249,4.234,4.932
birds,Empidonax oberholseri,LC,3.30E+11,3418390733,41327104928,1.035067875,12.51359543,4.98,3.419,11.249,4.234,4.932
birds,Empidonax occidentalis,LC,5.46E+12,2.06E+11,5.23E+11,3.766782957,9.56872411,4.98,3.419,11.249,4.234,4.932
birds,Empidonax traillii,LC,2.29E+12,19137686466,2.07E+11,0.837299773,9.03994437,4.98,3.419,11.249,4.234,4.932
birds,Empidonax virescens,LC,8.75E+11,10165253311,1.40E+11,1.161964652,15.96148665,4.98,3.419,11.249,4.234,4.932
birds,Empidonax wrightii,LC,2.43E+12,15427997000,1.89E+11,0.635854732,7.774673309,4.98,3.419,11.249,4.234,4.932
birds,Eremophila alpestris,LC,1.40E+12,18446766612,1.33E+11,1.315791247,9.475820925,4.98,3.419,11.249,4.234,4.932
birds,Euphagus cyanocephalus,LC,5.37E+12,61585812951,5.38E+11,1.146922594,10.01896178,4.98,3.419,11.249,4.234,4.932
birds,Falcipennis canadensis,LC,4.78E+12,34819124908,4.78E+11,0.729059823,10.01781663,4.98,3.419,11.249,4.234,4.932
birds,Falcipennis franklinii,LC,9.57E+11,16476104135,1.53E+11,1.720852834,15.94293705,4.98,3.419,11.249,4.234,4.932
birds,Falco columbarius,LC,4.17E+12,42319873694,4.20E+11,1.014859485,10.07637632,4.98,3.419,11.249,4.234,4.932
birds,Falco mexicanus,LC,5.38E+11,6666311026,97117601243,1.239019934,18.05055952,4.98,3.419,11.249,4.234,4.932
birds,Falco peregrinus,LC,2.41E+11,2187921668,43448677910,0.906291318,17.99751799,4.98,3.419,11.249,4.234,4.932
birds,Falco sparverius,LC,1.15E+12,10423570082,1.44E+11,0.909867895,12.56535509,4.98,3.419,11.249,4.234,4.932
birds,Fratercula cirrhata,LC,13660990878,232688236.1,113117532.6,1.703304234,0.828033147,4.98,3.419,11.249,4.234,4.932
birds,Fratercula corniculata,LC,4514261447,84784769.03,857852124.8,1.878153714,19.00315555,4.98,3.419,11.249,4.234,4.932
birds,Fulica americana,LC,6.62E+12,5.48E+11,7.61E+11,8.285948248,11.49735554,4.98,3.419,11.249,4.234,4.932
birds,Fulmarus glacialis,LC,6.00E+12,1.76E+11,5.61E+11,2.936130069,9.35689985,4.98,3.419,11.249,4.234,4.932
birds,Gallinago delicata,LC,1.90E+12,23126436664,1.78E+11,1.216956764,9.359279445,4.98,3.419,11.249,4.234,4.932
birds,Gallinula galeata,LC,5.12E+12,1.46E+11,4.49E+11,2.855252937,8.769627782,4.98,3.419,11.249,4.234,4.932
birds,Gavia immer,LC,9.93E+11,18161795011,1.47E+11,1.829768863,14.77113429,4.98,3.419,11.249,4.234,4.932
birds,Gavia pacifica,LC,6.96E+12,1.62E+11,7.22E+11,2.330178819,10.36216642,4.98,3.419,11.249,4.234,4.932
birds,Gavia stellata,LC,4.73E+11,8255127799,37207754965,1.745811668,7.868773729,4.98,3.419,11.249,4.234,4.932
birds,Geothlypis trichas,LC,4.97E+12,1.17E+11,4.81E+11,2.34951623,9.691211008,4.98,3.419,11.249,4.234,4.932
birds,Glaucidium californicum,LC,43133311657,981045729.5,2817070724,2.274450284,6.53107915,4.98,3.419,11.249,4.234,4.932
birds,Haematopus ater,LC,2.53E+11,1527179021,17783550897,0.603308303,7.025347895,4.98,3.419,11.249,4.234,4.932
birds,Haliaeetus leucocephalus,LC,1.40E+12,2.56E+11,1.92E+11,18.25100834,13.69217443,4.98,3.419,11.249,4.234,4.932
birds,Hirundo rustica,LC,4.69E+12,56170197330,4.85E+11,1.198079439,10.33463987,4.98,3.419,11.249,4.234,4.932
birds,Histrionicus histrionicus,LC,6.80E+11,4359555861,1.09E+11,0.641308903,16.079601,4.98,3.419,11.249,4.234,4.932
birds,Hydrobates castro,LC,4203979947,0,4154632805,0,98.82618036,4.98,3.419,11.249,4.234,4.932
birds,Hydrobates furcatus,LC,69276384862,412528697.5,12585678848,0.595482426,18.16734357,4.98,3.419,11.249,4.234,4.932
birds,Hydrobates leucorhous,LC,5.89E+12,1.96E+11,6.08E+11,3.320772254,10.31408863,4.98,3.419,11.249,4.234,4.932
birds,Hydrocoloeus minutus,LC,4.23E+12,60519284011,4.48E+11,1.430743507,10.59741629,4.98,3.419,11.249,4.234,4.932
birds,Hydroprogne caspia,LC,1.78E+12,54984400256,2.68E+11,3.090036105,15.07070563,4.98,3.419,11.249,4.234,4.932
birds,Hylatomus pileatus,LC,1.50E+11,238255753.9,15100151819,0.159059696,10.08087118,4.98,3.419,11.249,4.234,4.932
birds,Icteria virens,LC,1.36E+11,5699495264,9380719933,4.178706121,6.877674248,4.98,3.419,11.249,4.234,4.932
birds,Icterus bullockii,LC,2.70E+12,20413383787,2.60E+11,0.755146583,9.614555434,4.98,3.419,11.249,4.234,4.932
birds,Icterus galbula,LC,5.47E+11,3672534607,43225700118,0.671198304,7.899998157,4.98,3.419,11.249,4.234,4.932
birds,Icterus spurius,LC,1.98E+11,5096874563,17471902901,2.57502191,8.827082601,4.98,3.419,11.249,4.234,4.932
birds,Ixobrychus exilis,LC,75650816313,696361090.9,6291502436,0.920493823,8.316503037,4.98,3.419,11.249,4.234,4.932
birds,Junco hyemalis,LC,1.35E+12,19766587573,98887401126,1.464743844,7.327755057,4.98,3.419,11.249,4.234,4.932
birds,Lagopus lagopus,LC,70721437944,959448679.5,1709222403,1.356658896,2.416837741,4.98,3.419,11.249,4.234,4.932
birds,Lagopus leucura,LC,68320390152,657396396,966703753.5,0.962225764,1.41495643,4.98,3.419,11.249,4.234,4.932
birds,Lagopus muta,LC,6.76E+12,2.00E+11,6.63E+11,2.956553809,9.802154711,4.98,3.419,11.249,4.234,4.932
birds,Lanius excubitor,LC,6.92E+12,5.10E+11,7.12E+11,7.37547241,10.29152724,4.98,3.419,11.249,4.234,4.932
birds,Lanius ludovicianus,LC,1.31E+12,23180214198,2.27E+11,1.766370959,17.31182128,4.98,3.419,11.249,4.234,4.932
birds,Larus atricilla,LC,6.06E+12,5.80E+11,7.12E+11,9.582453558,11.74560208,4.98,3.419,11.249,4.234,4.932
birds,Larus californicus,LC,4.14E+12,1.61E+11,4.56E+11,3.892794321,11.01976247,4.98,3.419,11.249,4.234,4.932
birds,Larus canus,LC,7.06E+11,10079864401,43505937703,1.427768272,6.16242392,4.98,3.419,11.249,4.234,4.932
birds,Larus delawarensis,LC,1936845131,133940845.4,209758417.1,6.915413278,10.82990135,4.98,3.419,11.249,4.234,4.932
birds,Larus fuscus,LC,1.33E+12,17310019474,1.21E+11,1.302120098,9.139242373,4.98,3.419,11.249,4.234,4.932
birds,Larus glaucescens,LC,2.21E+12,1.69E+11,2.00E+11,7.629697292,9.026604539,4.98,3.419,11.249,4.234,4.932
birds,Larus glaucoides,LC,3.38E+12,32455478526,3.33E+11,0.959283112,9.854878279,4.98,3.419,11.249,4.234,4.932
birds,Larus hyperboreus,LC,1638850386,0,6911583.101,0,0.421733622,4.98,3.419,11.249,4.234,4.932
birds,Larus marinus,LC,1.79E+11,670116456.1,43468779760,0.373962625,24.2580209,4.98,3.419,11.249,4.234,4.932
birds,Larus occidentalis,LC,1.07E+12,2.06E+11,88852997758,19.22700733,8.301799995,4.98,3.419,11.249,4.234,4.932
birds,Larus philadelphia,LC,1138719175,9019663.865,134674155.8,0.792088521,11.82681023,4.98,3.419,11.249,4.234,4.932
birds,Larus pipixcan,LC,32953165789,5550607823,3419315613,16.84392892,10.37628868,4.98,3.419,11.249,4.234,4.932
birds,Larus ridibundus,LC,4.08E+11,2363651477,32268213609,0.57908108,7.905527599,4.98,3.419,11.249,4.234,4.932
birds,Larus smithsonianus,LC,7630261701,115772483.8,589839123.5,1.517280643,7.730260725,4.98,3.419,11.249,4.234,4.932
birds,Larus thayeri,LC,3.77E+12,1.43E+11,3.20E+11,3.79065837,8.480469732,4.98,3.419,11.249,4.234,4.932
birds,Leuconotopicus albolarvatus,LC,6.63E+11,13571925404,48490983806,2.046509011,7.311949658,4.98,3.419,11.249,4.234,4.932
birds,Leuconotopicus villosus,LC,3.00E+11,51701479424,34214056400,17.25598808,11.41935117,4.98,3.419,11.249,4.234,4.932
birds,Leucosticte tephrocotis,LC,2.04E+12,14454538774,2.42E+11,0.707647364,11.82568753,4.98,3.419,11.249,4.234,4.932
birds,Limnodromus griseus,LC,4.20E+12,48474823699,4.88E+11,1.154105572,11.61698197,4.98,3.419,11.249,4.234,4.932
birds,Limnodromus scolopaceus,LC,7.12E+12,2.19E+11,2.08E+11,3.081993127,2.918567919,4.98,3.419,11.249,4.234,4.932
birds,Limosa fedoa,LC,5.72E+12,1.84E+11,5.80E+11,3.209770973,10.13433955,4.98,3.419,11.249,4.234,4.932
birds,Limosa haemastica,LC,39846736426,94032813.2,4566961539,0.235986235,11.46131891,4.98,3.419,11.249,4.234,4.932
birds,Lophodytes cucullatus,LC,4.18E+12,2.08E+11,4.11E+11,4.984894847,9.831536028,4.98,3.419,11.249,4.234,4.932
birds,Loxia curvirostra,LC,3.45E+12,1.53E+11,3.47E+11,4.432601433,10.05743729,4.98,3.419,11.249,4.234,4.932
birds,Loxia leucoptera,LC,1.78E+11,1059381949,10221155968,0.593709866,5.728246688,4.98,3.419,11.249,4.234,4.932
birds,Mareca americana,LC,4.52E+12,40197199429,4.67E+11,0.888411745,10.32069944,4.98,3.419,11.249,4.234,4.932
birds,Mareca penelope,LC,5.33E+12,63722399940,5.50E+11,1.195975636,10.32902922,4.98,3.419,11.249,4.234,4.932
birds,Mareca strepera,LC,6.45E+12,3.72E+11,6.83E+11,5.769839938,10.57946629,4.98,3.419,11.249,4.234,4.932
birds,Megaceryle alcyon,LC,9.78E+11,14415900361,88519731209,1.474229383,9.052392527,4.98,3.419,11.249,4.234,4.932
birds,Megascops asio,LC,4.11E+11,5627902442,73303026554,1.368820098,17.82878382,4.98,3.419,11.249,4.234,4.932
birds,Megascops kennicottii,LC,3.55E+11,6070988926,33231069473,1.709067837,9.355008336,4.98,3.419,11.249,4.234,4.932
birds,Melanerpes carolinus,LC,7.24E+11,96502203977,1.06E+11,13.33616674,14.59841127,4.98,3.419,11.249,4.234,4.932
birds,Melanerpes lewis,LC,1.34E+12,20338704820,1.29E+11,1.522563746,9.627030274,4.98,3.419,11.249,4.234,4.932
birds,Melanitta deglandi,LC,6071612731,25268619.87,215754231.7,0.41617641,3.553491326,4.98,3.419,11.249,4.234,4.932
birds,Melanitta perspicillata,LC,1.06E+12,1.39E+11,1.39E+11,13.06892244,13.07379737,4.98,3.419,11.249,4.234,4.932
birds,Meleagris gallopavo,LC,1.02E+12,11129028188,98011809419,1.091028625,9.608537949,4.98,3.419,11.249,4.234,4.932
birds,Melospiza georgiana,LC,2.05E+12,15378681013,2.01E+11,0.750725226,9.813637716,4.98,3.419,11.249,4.234,4.932
birds,Melospiza lincolnii,LC,8.85E+11,6389980783,1.68E+11,0.721969798,18.93736084,4.98,3.419,11.249,4.234,4.932
birds,Melospiza melodia,LC,1.20E+11,1204280516,16778679394,1.003090654,13.97559476,4.98,3.419,11.249,4.234,4.932
birds,Mergus merganser,LC,2.99E+11,24522992489,11926055313,8.209328363,3.99237182,4.98,3.419,11.249,4.234,4.932
birds,Mergus serrator,LC,6.15E+12,1.52E+11,6.02E+11,2.475591,9.780310026,4.98,3.419,11.249,4.234,4.932
birds,Mimus polyglottos,LC,1.01E+11,427805467.1,14934890465,0.422831195,14.76123627,4.98,3.419,11.249,4.234,4.932
birds,Mniotilta varia,LC,6.58E+11,9086798321,77689359035,1.381645149,11.81264536,4.98,3.419,11.249,4.234,4.932
birds,Molothrus ater,LC,5.85E+12,1.41E+11,5.56E+11,2.414471787,9.498914372,4.98,3.419,11.249,4.234,4.932
birds,Morus bassanus,LC,4.06E+12,65291616561,4.13E+11,1.608424067,10.16524275,4.98,3.419,11.249,4.234,4.932
birds,Motacilla flava,LC,1.58E+12,21771221158,1.36E+11,1.37479516,8.614136381,4.98,3.419,11.249,4.234,4.932
birds,Myadestes townsendi,LC,90688105184,980834324.1,15265236875,1.081546827,16.83267816,4.98,3.419,11.249,4.234,4.932
birds,Myiarchus crinitus,LC,1.80E+12,3.34E+11,1.69E+11,18.53125297,9.373129881,4.98,3.419,11.249,4.234,4.932
birds,Nucifraga columbiana,LC,28771032662,431482649.1,116700312.9,1.499712069,0.405617394,4.98,3.419,11.249,4.234,4.932
birds,Numenius americanus,LC,26802617196,195584506.4,4365242137,0.729721672,16.28662643,4.98,3.419,11.249,4.234,4.932
birds,Numenius phaeopus,LC,35406707353,851650780.7,1963975689,2.405337419,5.546902933,4.98,3.419,11.249,4.234,4.932
birds,Nycticorax nycticorax,LC,12144856552,25620697.37,295333113.4,0.210959242,2.431754646,4.98,3.419,11.249,4.234,4.932
birds,Oceanites oceanicus,LC,2.93E+12,28431179251,2.57E+11,0.970920467,8.791822355,4.98,3.419,11.249,4.234,4.932
birds,Oenanthe oenanthe,LC,3.79E+12,33660578249,4.33E+11,0.887826955,11.4144698,4.98,3.419,11.249,4.234,4.932
birds,Oporornis agilis,LC,5.40E+12,1.10E+11,4.74E+11,2.037600613,8.772047762,4.98,3.419,11.249,4.234,4.932
birds,Oporornis philadelphia,LC,141285855.8,23534.89294,108189487.6,0.016657643,76.57488928,4.98,3.419,11.249,4.234,4.932
birds,Oporornis tolmiei,LC,1.54E+11,9410686454,46005596210,6.093072324,29.78692643,4.98,3.419,11.249,4.234,4.932
birds,Oreoscoptes montanus,LC,2.61E+12,70069247964,2.23E+11,2.686702724,8.564568854,4.98,3.419,11.249,4.234,4.932
birds,Oxyura jamaicensis,LC,2.97E+11,3388834764,59139226870,1.139991889,19.89422431,4.98,3.419,11.249,4.234,4.932
birds,Pandion haliaetus,LC,7.21E+11,8356314078,1.45E+11,1.159599972,20.11692138,4.98,3.419,11.249,4.234,4.932
birds,Parkesia motacilla,LC,38758691590,287449640.5,2305461215,0.741639175,5.948243143,4.98,3.419,11.249,4.234,4.932
birds,Parkesia noveboracensis,LC,7.56E+11,7357816029,50253460546,0.973008751,6.645593837,4.98,3.419,11.249,4.234,4.932
birds,Parula americana,LC,4.46E+12,39250839908,5.16E+11,0.880315431,11.56504359,4.98,3.419,11.249,4.234,4.932
birds,Parus atricapillus,LC,1.25E+12,14160743500,1.25E+11,1.132791857,10.01058134,4.98,3.419,11.249,4.234,4.932
birds,Parus cinctus,LC,59080938331,1084559588,6099981100,1.835718285,10.3247871,4.98,3.419,11.249,4.234,4.932
birds,Parus gambeli,LC,20169591890,4897456979,1304749685,24.28138856,6.468894822,4.98,3.419,11.249,4.234,4.932
birds,Parus hudsonicus,LC,1.79E+12,3.19E+11,2.02E+11,17.80764753,11.2831828,4.98,3.419,11.249,4.234,4.932
birds,Parus rufescens,LC,3.92E+12,1.22E+11,4.22E+11,3.102631842,10.77641124,4.98,3.419,11.249,4.234,4.932
birds,Passerculus sandwichensis,LC,2.75E+11,4740712720,25700837625,1.72617335,9.358107863,4.98,3.419,11.249,4.234,4.932
birds,Passerella iliaca,LC,3.75E+12,65158799471,4.03E+11,1.737360244,10.73542085,4.98,3.419,11.249,4.234,4.932
birds,Passerina amoena,LC,3.45E+11,5073502602,63221244747,1.470047422,18.3183562,4.98,3.419,11.249,4.234,4.932
birds,Passerina cyanea,LC,5.15E+11,1740318506,87453948294,0.338010226,16.9855855,4.98,3.419,11.249,4.234,4.932
birds,Patagioenas fasciata,LC,10567813692,96638539.82,891172220.3,0.914461048,8.4328911,4.98,3.419,11.249,4.234,4.932
birds,Pelecanus erythrorhynchos,LC,3.59E+12,46178837295,3.05E+11,1.287881068,8.513812917,4.98,3.419,11.249,4.234,4.932
birds,Perisoreus canadensis,LC,1.29E+11,2360806769,7016838116,1.82352963,5.419932024,4.98,3.419,11.249,4.234,4.932
birds,Petrochelidon pyrrhonota,LC,1.73E+12,21967467647,1.69E+11,1.27078549,9.795275525,4.98,3.419,11.249,4.234,4.932
birds,Phalacrocorax auritus,LC,1.24E+12,14327114248,1.42E+11,1.154842258,11.43071646,4.98,3.419,11.249,4.234,4.932
birds,Phalacrocorax carbo,LC,2.52E+12,4.28E+11,3.01E+11,16.99198132,11.97085383,4.98,3.419,11.249,4.234,4.932
birds,Phalacrocorax pelagicus,LC,2.43E+12,4.41E+11,3.11E+11,18.15008858,12.79688619,4.98,3.419,11.249,4.234,4.932
birds,Phalacrocorax penicillatus,LC,8.08E+11,1.71E+11,1.15E+11,21.15321851,14.18029117,4.98,3.419,11.249,4.234,4.932
birds,Phalaenoptilus nuttallii,LC,7.40E+11,11393559560,49737509686,1.539599631,6.720976983,4.98,3.419,11.249,4.234,4.932
birds,Phalaropus fulicarius,LC,3.47E+12,27594904062,2.96E+11,0.794878553,8.52049261,4.98,3.419,11.249,4.234,4.932
birds,Phalaropus lobatus,LC,4.77E+12,5.80E+11,5.60E+11,12.16043211,11.73952458,4.98,3.419,11.249,4.234,4.932
birds,Pheucticus ludovicianus,LC,2.52E+12,20492833486,2.45E+11,0.812873215,9.707317366,4.98,3.419,11.249,4.234,4.932
birds,Pheucticus melanocephalus,LC,5.95E+11,4102322098,39967040541,0.689442681,6.71692347,4.98,3.419,11.249,4.234,4.932
birds,Pica pica,LC,6.04E+12,1.77E+11,5.78E+11,2.938226127,9.573856129,4.98,3.419,11.249,4.234,4.932
birds,Picoides arcticus,LC,4340870069,73628843.07,978754741.5,1.696177077,22.54743233,4.98,3.419,11.249,4.234,4.932
birds,Picoides tridactylus,LC,1184367936,9315451.147,139819622.1,0.786533548,11.80542109,4.98,3.419,11.249,4.234,4.932
birds,Pinicola enucleator,LC,1184367936,9315451.147,139819622.1,0.786533548,11.80542109,4.98,3.419,11.249,4.234,4.932
birds,Pipilo erythrophthalmus,LC,6.27E+12,1.69E+11,6.15E+11,2.696510201,9.809313135,4.98,3.419,11.249,4.234,4.932
birds,Pipilo maculatus,LC,1.28E+12,27908581876,2.02E+11,2.175079984,15.72150133,4.98,3.419,11.249,4.234,4.932
birds,Piranga ludoviciana,LC,33875021690,523319981.4,182163321.5,1.544855045,0.537751158,4.98,3.419,11.249,4.234,4.932
birds,Piranga olivacea,LC,9.61E+11,17164685371,81784112758,1.786176131,8.510545165,4.98,3.419,11.249,4.234,4.932
birds,Plectrophenax nivalis,LC,4.04E+11,28890731902,71531677776,7.145966765,17.69297482,4.98,3.419,11.249,4.234,4.932
birds,Plegadis chihi,LC,3.86E+12,24826731199,4.17E+11,0.643336317,10.80278123,4.98,3.419,11.249,4.234,4.932
birds,Pluvialis dominica,LC,3.38E+12,38378390798,3.52E+11,1.136851473,10.43794991,4.98,3.419,11.249,4.234,4.932
birds,Pluvialis squatarola,LC,5.30E+11,8130334078,72985202830,1.535452534,13.78360515,4.98,3.419,11.249,4.234,4.932
birds,Podiceps nigricollis,LC,64695380599,695283080.1,6015486668,1.074702821,9.298170306,4.98,3.419,11.249,4.234,4.932
birds,Podilymbus podiceps,LC,9761157475,96640069.13,1159882126,0.990047229,11.88262897,4.98,3.419,11.249,4.234,4.932
birds,Polioptila caerulea,LC,3.74E+11,18319125823,42512318844,4.901219436,11.37402545,4.98,3.419,11.249,4.234,4.932
birds,Pooecetes gramineus,LC,4.82E+12,1.06E+11,5.36E+11,2.202258255,11.1267024,4.98,3.419,11.249,4.234,4.932
birds,Porzana carolina,LC,1.87E+11,2786307893,16168110862,1.493148873,8.664296063,4.98,3.419,11.249,4.234,4.932
birds,Progne subis,LC,4.49E+12,53869612480,4.80E+11,1.199381775,10.68577574,4.98,3.419,11.249,4.234,4.932
birds,Protonotaria citrea,LC,1.79E+12,12684364736,1.62E+11,0.709587275,9.076964335,4.98,3.419,11.249,4.234,4.932
birds,Psaltriparus minimus,LC,2.43E+11,2350304469,29793490075,0.965406915,12.23792139,4.98,3.419,11.249,4.234,4.932
birds,Psiloscops flammeolus,LC,2.54E+12,22549994319,2.63E+11,0.886732385,10.32684821,4.98,3.419,11.249,4.234,4.932
birds,Puffinus puffinus,LC,2.69E+12,23518482660,2.56E+11,0.873427399,9.506500583,4.98,3.419,11.249,4.234,4.932
birds,Quiscalus quiscula,LC,20488711721,437763351.6,95617906.6,2.136607502,0.466685792,4.98,3.419,11.249,4.234,4.932
birds,Rallus limicola,LC,5.86E+12,1.55E+11,2.03E+11,2.650307366,3.455365642,4.98,3.419,11.249,4.234,4.932
birds,Recurvirostra americana,LC,5.05E+12,72699581536,4.72E+11,1.439455703,9.351016248,4.98,3.419,11.249,4.234,4.932
birds,Regulus calendula,LC,4.92E+12,3.08E+11,5.84E+11,6.254969464,11.86477713,4.98,3.419,11.249,4.234,4.932
birds,Regulus satrapa,LC,1.69E+12,2.76E+11,1.98E+11,16.32323858,11.71434534,4.98,3.419,11.249,4.234,4.932
birds,Rhodostethia rosea,LC,6.12E+12,1.61E+11,5.10E+11,2.634438495,8.326675917,3.7,3.419,11.249,4.234,4.932
birds,Rhynchophanes mccownii,LC,93733282373,668510741.7,10559702362,0.713205304,11.26569143,3.7,3.419,11.249,4.234,4.932
birds,Riparia riparia,LC,16412263983,512925959.9,2120880342,3.125260235,12.92253369,3.7,3.419,11.249,4.234,4.932
birds,Rissa tridactyla,LC,14208313029,266491280.6,2042745717,1.875601136,14.3771165,3.7,3.419,11.249,4.234,4.932
birds,Salpinctes obsoletus,LC,1.37E+11,3762490145,57783155293,2.742984589,42.12590555,3.7,3.419,11.249,4.234,4.932
birds,Sayornis phoebe,LC,1.31E+12,14019224988,1.26E+11,1.071654414,9.66194506,3.7,3.419,11.249,4.234,4.932
birds,Sayornis saya,LC,5.80E+12,2.38E+11,5.62E+11,4.105055052,9.695057893,3.7,3.419,11.249,4.234,4.932
birds,Scolopax minor,LC,16538669910,341984125.2,94219398.02,2.067784937,0.569691508,3.7,3.419,11.249,4.234,4.932
birds,Seiurus aurocapilla,LC,3400228389,0,1395511712,0,41.04170521,3.7,3.419,11.249,4.234,4.932
birds,Selasphorus calliope,LC,1.78E+12,3.51E+11,2.00E+11,19.71936816,11.23107014,3.7,3.419,11.249,4.234,4.932
birds,Selasphorus rufus,LC,4.91E+11,2952759162,49368837186,0.601552374,10.05769167,3.7,3.419,11.249,4.234,4.932
birds,Setophaga ruticilla,LC,54571425155,1729199841,2049893811,3.168691006,3.75635015,3.7,3.419,11.249,4.234,4.932
birds,Sialia currucoides,LC,4.05E+11,36848191161,32702720515,9.107077399,8.082519047,3.7,3.419,11.249,4.234,4.932
birds,Sialia mexicana,LC,45603122387,576772137.2,741299605.7,1.264764575,1.625545723,3.7,3.419,11.249,4.234,4.932
birds,Sialia sialis,LC,79852070000,159051444.9,11925842058,0.19918262,14.93491911,3.7,3.419,11.249,4.234,4.932
birds,Sitta canadensis,LC,2.52E+12,26173892653,2.75E+11,1.038061198,10.90130037,3.7,3.419,11.249,4.234,4.932
birds,Sitta carolinensis,LC,6.22E+12,94246552540,6.42E+11,1.51466315,10.3251068,3.7,3.419,11.249,4.234,4.932
birds,Sitta pygmaea,LC,74567651612,191440939.5,9295529798,0.25673457,12.46590123,3.7,3.419,11.249,4.234,4.932
birds,Somateria spectabilis,LC,9033303956,30504193.2,228958084.9,0.337685894,2.534599589,3.7,3.419,11.249,4.234,4.932
birds,Spatula clypeata,LC,96841129944,947288657.7,13470368054,0.978188357,13.90975927,3.7,3.419,11.249,4.234,4.932
birds,Spatula cyanoptera,LC,4.80E+12,46169247721,4.15E+11,0.960890503,8.640584605,3.7,3.419,11.249,4.234,4.932
birds,Spatula discors,LC,6734346085,11287850.13,113672718.1,0.167616128,1.687954801,3.7,3.419,11.249,4.234,4.932
birds,Sphyrapicus nuchalis,LC,6295333902,63213984.83,1291324943,1.004140302,20.51241384,3.7,3.419,11.249,4.234,4.932
birds,Sphyrapicus ruber,LC,7.49E+12,2.35E+11,7.30E+11,3.139147481,9.750943744,3.7,3.419,11.249,4.234,4.932
birds,Sphyrapicus thyroideus,LC,33326999121,454084388.8,337837646.4,1.36251208,1.01370557,3.7,3.419,11.249,4.234,4.932
birds,Sphyrapicus varius,LC,1.87E+11,1851679053,50513602194,0.989318085,26.98848922,3.7,3.419,11.249,4.234,4.932
birds,Spiza americana,LC,1.99E+12,1.69E+11,1.95E+11,8.465832289,9.806316771,3.7,3.419,11.249,4.234,4.932
birds,Spizella arborea,LC,8.12E+12,4.13E+11,8.56E+11,5.092195683,10.55100764,3.7,3.419,11.249,4.234,4.932
birds,Spizella breweri,LC,1.34E+12,17116928902,1.43E+11,1.273009086,10.6370874,3.7,3.419,11.249,4.234,4.932
birds,Spizella pallida,LC,7.72E+12,4.00E+11,8.13E+11,5.18653828,10.53416766,3.7,3.419,11.249,4.234,4.932
birds,Spizella passerina,LC,5.73E+12,40663724274,5.75E+11,0.709868898,10.02976082,3.7,3.419,11.249,4.234,4.932
birds,Spizella pusilla,LC,2.21E+12,3.14E+11,2.63E+11,14.22945848,11.91972498,3.7,3.419,11.249,4.234,4.932
birds,Steganopus tricolor,LC,3.79E+11,2756708676,58636948782,0.728197797,15.4892308,3.7,3.419,11.249,4.234,4.932
birds,Stelgidopteryx serripennis,LC,2.05E+11,2437653239,16481296083,1.190090066,8.046356397,3.7,3.419,11.249,4.234,4.932
birds,Stercorarius longicaudus,LC,6.20E+11,6257498351,96131728541,1.010020253,15.51658304,3.7,3.419,11.249,4.234,4.932
birds,Stercorarius parasiticus,LC,91551644761,362580416.7,18837333221,0.396039217,20.57563605,3.7,3.419,11.249,4.234,4.932
birds,Stercorarius pomarinus,LC,2.30E+11,2673185685,20746683325,1.161447577,9.014033411,3.7,3.419,11.249,4.234,4.932
birds,Sterna forsteri,LC,5.65E+12,59311753271,6.06E+11,1.049121784,10.72268507,3.7,3.419,11.249,4.234,4.932
birds,Sterna hirundo,LC,92652001529,159598516.6,14004982518,0.172255876,15.11568265,3.7,3.419,11.249,4.234,4.932
birds,Sterna paradisaea,LC,2.50E+12,14165472434,2.45E+11,0.566750042,9.810317792,3.7,3.419,11.249,4.234,4.932
birds,Strix nebulosa,LC,9.01E+11,10344384308,1.37E+11,1.148186397,15.191423,3.7,3.419,11.249,4.234,4.932
birds,Strix varia,LC,3.74E+11,3010148710,57739865969,0.804821577,15.43787183,3.7,3.419,11.249,4.234,4.932
birds,Sturnella magna,LC,1.27E+12,6873222154,1.02E+11,0.541598512,8.0650236,3.7,3.419,11.249,4.234,4.932
birds,Sturnella neglecta,LC,2.23E+11,2139458231,36196674227,0.958328494,16.21359267,3.7,3.419,11.249,4.234,4.932
birds,Surnia ulula,LC,3.38E+12,49784176295,3.30E+11,1.474869781,9.772975837,3.7,3.419,11.249,4.234,4.932
birds,Synthliboramphus antiquus,LC,16590094183,111623367.3,3687582900,0.672831426,22.22761884,3.7,3.419,11.249,4.234,4.932
birds,Tachycineta bicolor,LC,1244283.704,0,0,0,0,3.7,3.419,11.249,4.234,4.932
birds,Tachycineta thalassina,LC,5.47E+11,29052030783,78722801013,5.314762702,14.40150638,3.7,3.419,11.249,4.234,4.932
birds,Thryomanes bewickii,LC,1.15E+11,376590071.2,24160513306,0.326500723,20.94698099,3.7,3.419,11.249,4.234,4.932
birds,Thryothorus ludovicianus,LC,2.85E+11,1237371818,20967800949,0.433655376,7.348478028,3.7,3.419,11.249,4.234,4.932
birds,Toxostoma rufum,LC,5.27E+12,53585506847,5.45E+11,1.017639065,10.35556007,3.7,3.419,11.249,4.234,4.932
birds,Tringa flavipes,LC,2.26E+11,2017600118,28708625940,0.891583195,12.68642294,3.7,3.419,11.249,4.234,4.932
birds,Tringa incana,LC,5.08E+12,71234764270,4.85E+11,1.403554029,9.56394555,3.7,3.419,11.249,4.234,4.932
birds,Tringa melanoleuca,LC,2.37E+11,903167318.6,8914439325,0.381144403,3.761970325,3.7,3.419,11.249,4.234,4.932
birds,Tringa semipalmata,LC,2.23E+12,25777505357,2.04E+11,1.154536098,9.143302056,3.7,3.419,11.249,4.234,4.932
birds,Tringa solitaria,LC,7.13E+11,5766884761,1.14E+11,0.808897542,15.97234735,3.7,3.419,11.249,4.234,4.932
birds,Troglodytes aedon,LC,7.24E+12,5.74E+11,7.64E+11,7.928215583,10.54977015,3.7,3.419,11.249,4.234,4.932
birds,Troglodytes troglodytes,LC,60715073617,1568344249,8312269498,2.583121711,13.69061915,3.7,3.419,11.249,4.234,4.932
birds,Turdus migratorius,LC,12180935453,224286319.9,59226061.18,1.841289782,0.486219317,3.7,3.419,11.249,4.234,4.932
birds,Tympanuchus phasianellus,LC,12027292280,89165880.16,2196626558,0.741362878,18.26368318,3.7,3.419,11.249,4.234,4.932
birds,Tyrannus tyrannus,LC,3506641000,38327389.56,298614646.7,1.092994395,8.515689136,3.7,3.419,11.249,4.234,4.932
birds,Tyrannus verticalis,LC,5.16E+11,5681898707,30094379761,1.100762019,5.830225409,3.7,3.419,11.249,4.234,4.932
birds,Tyto alba,LC,99869345234,2078874414,4147997256,2.081594116,4.153423902,3.7,3.419,11.249,4.234,4.932
birds,Uria aalge,LC,3.89E+12,92072215039,3.41E+11,2.367812667,8.759834831,3.7,3.419,11.249,4.234,4.932
birds,Uria lomvia,LC,5307623693,63710397.07,714732231.3,1.200356332,13.46614366,3.7,3.419,11.249,4.234,4.932
birds,Vermivora celata,LC,2.26E+11,6114879387,17254763264,2.703116095,7.627563087,3.7,3.419,11.249,4.234,4.932
birds,Vermivora cyanoptera,LC,5.22E+12,63831201855,5.38E+11,1.222797151,10.30842974,3.7,3.419,11.249,4.234,4.932
birds,Vermivora peregrina,LC,60707891586,69692322.51,4614575905,0.114799445,7.601278489,3.7,3.419,11.249,4.234,4.932
birds,Vermivora ruficapilla,LC,698481297.5,16805201.68,56319452.31,2.405963014,8.063129608,3.7,3.419,11.249,4.234,4.932
birds,Vireo cassinii,LC,2.10E+12,42453319742,3.09E+11,2.018801352,14.68712746,3.7,3.419,11.249,4.234,4.932
birds,Vireo flavifrons,LC,3.80E+12,68701696078,4.19E+11,1.807023032,11.02341298,3.7,3.419,11.249,4.234,4.932
birds,Vireo gilvus,LC,6645870.694,0,4043680.092,0,60.84500102,3.7,3.419,11.249,4.234,4.932
birds,Vireo griseus,LC,397574969.5,866810.9267,690842.1712,0.218024522,0.173764,3.7,3.419,11.249,4.234,4.932
birds,Vireo huttoni,LC,9301539162,78790326.38,2012511362,0.84706762,21.63632628,3.7,3.419,11.249,4.234,4.932
birds,Vireo olivaceus,LC,2.46E+11,56699308147,56545067013,23.03691311,22.97424498,3.7,3.419,11.249,4.234,4.932
birds,Vireo philadelphicus,LC,1.15E+12,2.18E+11,1.73E+11,18.98407968,15.10899226,3.7,3.419,11.249,4.234,4.932
birds,Vireo solitarius,LC,1.21E+11,867431420.3,18675180428,0.718591454,15.470762,3.7,3.419,11.249,4.234,4.932
birds,Wilsonia canadensis,LC,4.58E+11,9476731397,26674016891,2.07059736,5.828080024,3.7,3.419,11.249,4.234,4.932
birds,Wilsonia citrina,LC,2.00E+11,2092784242,49033117467,1.047292727,24.5376596,3.7,3.419,11.249,4.234,4.932
birds,Wilsonia pusilla,LC,2.53E+12,3.65E+11,2.98E+11,14.3943682,11.77275456,3.7,3.419,11.249,4.234,4.932
birds,Xanthocephalus xanthocephalus,LC,5.20E+11,11066198102,37958006178,2.128850738,7.30214015,3.7,3.419,11.249,4.234,4.932
birds,Zenaida macroura,LC,7481515113,274875298.6,297095725.3,3.674059258,3.971063626,3.7,3.419,11.249,4.234,4.932
birds,Zonotrichia albicollis,LC,2.66E+11,1991963141,16376755182,0.748556146,6.154190555,3.7,3.419,11.249,4.234,4.932
birds,Zonotrichia atricapilla,LC,1.02E+11,1701288875,11311362539,1.674695894,11.13455373,3.7,3.419,11.249,4.234,4.932
birds,Zonotrichia leucophrys,LC,5.59E+12,1.39E+11,5.84E+11,2.480461614,10.46176079,3.7,3.419,11.249,4.234,4.932
birds,Zonotrichia querula,LC,1.13E+12,6618967051,88645038574,0.585218456,7.837584357,3.7,3.419,11.249,4.234,4.932
birds,Zoothera naevia,LC,71955909113,595308936.3,10828747015,0.827324599,15.04914211,3.7,3.419,11.249,4.234,4.932
birds,Alca torda,NT,6.47E+12,1.43E+11,6.35E+11,2.211814518,9.818051502,3.7,3.419,11.249,4.234,4.932
birds,Ammodramus henslowii,NT,1.22E+12,8365628488,95899376263,0.683889927,7.839771695,3.7,3.419,11.249,4.234,4.932
birds,Ardenna grisea,NT,1.14E+11,1173725169,6817025836,1.034057814,6.00583426,3.7,3.419,11.249,4.234,4.932
birds,Brachyramphus brevirostris,NT,3.71E+12,3.01E+11,4.60E+11,8.131916125,12.41624904,3.7,3.419,11.249,4.234,4.932
birds,Calcarius ornatus,NT,3.64E+12,4.22E+11,4.15E+11,11.57776187,11.40835443,3.7,3.419,11.249,4.234,4.932
birds,Calidris canutus,NT,4.69E+12,5.22E+11,4.94E+11,11.13147751,10.53551581,3.7,3.419,11.249,4.234,4.932
birds,Calidris ferruginea,NT,4.80E+12,51784829127,4.88E+11,1.078820878,10.17515215,3.7,3.419,11.249,4.234,4.932
birds,Calidris pusilla,NT,1.49E+12,18403133537,1.80E+11,1.232308432,12.05029735,3.7,3.419,11.249,4.234,4.932
birds,Calidris subruficollis,NT,8669643047,75563473.72,1671400849,0.871586907,19.27877353,3.7,3.419,11.249,4.234,4.932
birds,Carpodacus cassinii,NT,6058120765,26001099.16,1684018052,0.429194137,27.79769697,1.19,3.419,11.249,4.234,4.932
birds,Centrocercus urophasianus,NT,47649308067,635603770.7,560792835.9,1.333920253,1.176917061,1.19,3.419,11.249,4.234,4.932
birds,Chaetura pelagica,NT,25884018623,151523366.9,4224075929,0.585393517,16.31924312,1.19,3.419,11.249,4.234,4.932
birds,Charadrius melodus,NT,88147796608,2517089142,6772689235,2.855532683,7.683333555,1.19,3.419,11.249,4.234,4.932
birds,Charadrius montanus,NT,29260103.83,0,0,0,0,1.19,3.419,11.249,4.234,4.932
birds,Colinus virginianus,NT,5.58E+11,6094244604,45281344868,1.091490745,8.109974586,1.19,3.419,11.249,4.234,4.932
birds,Contopus cooperi,NT,9.48E+11,11294910965,96740585100,1.191247554,10.20300077,1.19,3.419,11.249,4.234,4.932
birds,Gavia adamsii,NT,1.20E+11,863905858.6,3420991957,0.721699858,2.857868581,1.19,3.419,11.249,4.234,4.932
birds,Hylocichla mustelina,NT,2127024411,70358597.76,59545341.13,3.307841574,2.79946675,1.19,3.419,11.249,4.234,4.932
birds,Larus heermanni,NT,39318490010,1372284023,3190368278,3.490174782,8.114167858,1.19,3.419,11.249,4.234,4.932
birds,Melanerpes erythrocephalus,NT,1.04E+11,913654029.7,9298270444,0.881714581,8.973222207,1.19,3.419,11.249,4.234,4.932
birds,Melanitta americana,NT,35785202074,242532688.2,4884803770,0.677745756,13.65034564,1.19,3.419,11.249,4.234,4.932
birds,Pagophila eburnea,NT,4.00E+11,3210143167,30749430984,0.803297795,7.694656848,1.19,3.419,11.249,4.234,4.932
birds,Phoebastria immutabilis,NT,1.52E+11,1293985579,13923810200,0.853262514,9.181451077,1.19,3.419,11.249,4.234,4.932
birds,Phoebastria nigripes,NT,7643323771,76625222.37,385968029.3,1.002511795,5.049740674,1.19,3.419,11.249,4.234,4.932
birds,Ptychoramphus aleuticus,NT,3.03E+11,1937645648,20417634524,0.638605569,6.729205164,1.19,3.419,11.249,4.234,4.932
birds,Rallus elegans,NT,1.58E+11,1312507533,13447842911,0.830407757,8.508288745,1.19,3.419,11.249,4.234,4.932
birds,Somateria mollissima,NT,85079043367,905861506.2,7610065518,1.064729304,8.944700384,1.19,3.419,11.249,4.234,4.932
birds,Strix occidentalis,NT,3127901519,239534310.5,577693073.4,7.657987603,18.46903011,1.19,3.419,11.249,4.234,4.932
birds,Vermivora chrysoptera,NT,9230264494,95474131.67,1122233734,1.034359652,12.15819693,1.19,3.419,11.249,4.234,4.932
birds,Anthus spragueii,VU,1.97E+11,2488709024,15742809062,1.265840068,8.007315559,1.19,3.419,11.249,4.234,4.932
birds,Ardenna bulleri,VU,36731133657,506679428.1,1236523774,1.379427689,3.366418761,1.19,3.419,11.249,4.234,4.932
birds,Ardenna creatopus,VU,23444061250,434173174.9,162741818.4,1.851953765,0.694170761,1.19,3.419,11.249,4.234,4.932
birds,Catharus bicknelli,VU,1.71E+11,3155116497,15657321675,1.845250766,9.15708971,1.19,3.419,11.249,4.234,4.932
birds,Clangula hyemalis,VU,83909707099,746954066.2,2059712612,0.890187908,2.454677394,1.19,3.419,11.249,4.234,4.932
birds,Dendroica cerulea,VU,6179306491,26357975.59,444094034.6,0.426552326,7.186794104,1.19,3.419,11.249,4.234,4.932
birds,Euphagus carolinus,VU,37884009817,496732830.6,300903740.4,1.311193913,0.794276376,1.19,3.419,11.249,4.234,4.932
birds,Fratercula arctica,VU,64928276431,1444878316,3296637143,2.225345252,5.077352002,1.19,3.419,11.249,4.234,4.932
birds,Phoebastria albatrus,VU,6.63E+11,5671105392,52438619161,0.85538227,7.909404252,1.19,3.419,11.249,4.234,4.932
birds,Rissa brevirostris,VU,52656381033,203466766,7338435702,0.386404766,13.93646042,1.19,3.419,11.249,4.234,4.932
birds,Synthliboramphus scrippsi,VU,91815655429,798969853.9,2389674154,0.870189131,2.602687029,1.19,3.419,11.249,4.234,4.932
mammals,Marmota vancouverensis,CR,1.40E+11,452964506.1,29741737818,0.323207499,21.22186741,1.65,3.447,13.420,4.440,3.674
mammals,Enhydra lutris,EN,4.40E+11,9251814585,19222786355,2.104317478,4.372206656,1.65,3.447,13.420,4.440,3.674
mammals,Myotis sodalis,EN,8.84E+11,6456425000,1.37E+11,0.730042653,15.49026944,1.65,3.447,13.420,4.440,3.674
mammals,Alces alces,LC,17620266270,756170.8122,460815916.9,0.004291483,2.615260802,1.65,3.447,13.420,4.440,3.674
mammals,Antilocapra americana,LC,6.75E+12,1.46E+11,6.72E+11,2.168337674,9.967775182,4.98,3.447,13.420,4.440,3.674
mammals,Antrozous pallidus,LC,3.40E+11,6488319735,34798279357,1.906312713,10.22397246,4.98,3.447,13.420,4.440,3.674
mammals,Aplodontia rufa,LC,2.87E+12,27043765519,3.27E+11,0.940727263,11.38476509,4.98,3.447,13.420,4.440,3.674
mammals,Blarina brevicauda,LC,7.84E+11,7506072221,74866713438,0.957091056,9.546172717,4.98,3.447,13.420,4.440,3.674
mammals,Canis latrans,LC,1.29E+12,12159302835,2.06E+11,0.944725822,16.0392629,4.98,3.447,13.420,4.440,3.674
mammals,Canis lupus,LC,5.16E+12,85364484849,5.25E+11,1.655594554,10.18676881,4.98,3.447,13.420,4.440,3.674
mammals,Castor canadensis,LC,2.72E+11,4514502058,23120862261,1.657793704,8.490331691,4.98,3.447,13.420,4.440,3.674
mammals,Cervus canadensis,LC,1.11E+12,2.37E+11,1.62E+11,21.43725607,14.65706875,4.98,3.447,13.420,4.440,3.674
mammals,Condylura cristata,LC,1.90E+12,16435307879,1.74E+11,0.863125989,9.160429394,4.98,3.447,13.420,4.440,3.674
mammals,Corynorhinus townsendii,LC,19463315736,4462394163,916215300.1,22.9272043,4.707395762,4.98,3.447,13.420,4.440,3.674
mammals,Cryptotis parva,LC,5.41E+11,6196427038,92844994708,1.144994683,17.15618123,4.98,3.447,13.420,4.440,3.674
mammals,Cynomys ludovicianus,LC,5.00E+12,91961675936,4.84E+11,1.84023737,9.678024187,4.98,3.447,13.420,4.440,3.674
mammals,Dicrostonyx groenlandicus,LC,6.13E+11,5293997206,1.30E+11,0.862952194,21.13411674,4.98,3.447,13.420,4.440,3.674
mammals,Dicrostonyx hudsonius,LC,6.48E+11,5711159524,96142890096,0.880913721,14.8294914,4.98,3.447,13.420,4.440,3.674
mammals,Dicrostonyx nunatakensis,LC,1.04E+12,2.34E+11,1.43E+11,22.48274073,13.69258135,4.98,3.447,13.420,4.440,3.674
mammals,Dicrostonyx richardsoni,LC,2.49E+11,2393681505,28273136061,0.961986216,11.3625673,4.98,3.447,13.420,4.440,3.674
mammals,Didelphis virginiana,LC,2.28E+11,812868156.2,49413761455,0.356651939,21.68065474,4.98,3.447,13.420,4.440,3.674
mammals,Dipodomys ordii,LC,9.40E+11,17798003213,1.48E+11,1.893852222,15.73661077,4.98,3.447,13.420,4.440,3.674
mammals,Eptesicus fuscus,LC,4.93E+12,56528099035,5.20E+11,1.146162794,10.55026207,4.98,3.447,13.420,4.440,3.674
mammals,Erethizon dorsatum,LC,11838150776,13243095.5,2032243490,0.111867941,17.16689987,4.98,3.447,13.420,4.440,3.674
mammals,Euderma maculatum,LC,277334198.2,0,1669158.242,0,0.601858066,4.98,3.447,13.420,4.440,3.674
mammals,Geomys bursarius,LC,5.19E+12,4.91E+11,5.49E+11,9.467210986,10.56965273,4.98,3.447,13.420,4.440,3.674
mammals,Glaucomys sabrinus,LC,611933001.2,5592048.736,280989989.3,0.913833496,45.91842387,4.98,3.447,13.420,4.440,3.674
mammals,Glaucomys volans,LC,1149359111,21450819.74,396004167.9,1.866328768,34.45434626,4.98,3.447,13.420,4.440,3.674
mammals,Gulo gulo,LC,20303583054,3244343273,1753723860,15.97916616,8.637509228,4.98,3.447,13.420,4.440,3.674
mammals,Lasionycteris noctivagans,LC,1.10E+12,16865027519,88618486158,1.526634988,8.021812084,4.98,3.447,13.420,4.440,3.674
mammals,Lasiurus blossevillii,LC,73301489311,79388840.72,7891870565,0.10830454,10.76631681,4.98,3.447,13.420,4.440,3.674
mammals,Lasiurus borealis,LC,6.52E+12,3.10E+11,6.44E+11,4.760458606,9.877921349,4.98,3.447,13.420,4.440,3.674
mammals,Lasiurus cinereus,LC,1.31E+12,1.71E+11,1.65E+11,13.07950507,12.64103595,4.98,3.447,13.420,4.440,3.674
mammals,Lemmiscus curtatus,LC,20661257633,525730245.6,2536073979,2.544521998,12.27453829,4.98,3.447,13.420,4.440,3.674
mammals,Lemmus trimucronatus,LC,5.26E+12,97730894809,5.40E+11,1.856561588,10.24974003,4.98,3.447,13.420,4.440,3.674
mammals,Lepus americanus,LC,1.22E+12,42880699943,1.49E+11,3.508018604,12.21846428,4.98,3.447,13.420,4.440,3.674
mammals,Lepus arcticus,LC,2.21E+12,29523852361,2.54E+11,1.336055549,11.49747976,4.98,3.447,13.420,4.440,3.674
mammals,Lepus townsendii,LC,95151200027,46594613998,16519728760,48.96902402,17.36155588,4.98,3.447,13.420,4.440,3.674
mammals,Lontra canadensis,LC,1.09E+12,37041321698,1.13E+11,3.384940412,10.32732448,4.98,3.447,13.420,4.440,3.674
mammals,Lynx canadensis,LC,4.38E+12,93510998081,3.80E+11,2.134185495,8.669687182,4.98,3.447,13.420,4.440,3.674
mammals,Lynx rufus,LC,5.70E+12,86457847066,6.17E+11,1.516587406,10.81887976,4.98,3.447,13.420,4.440,3.674
mammals,Marmota broweri,LC,6.31E+11,5628399833,50114239850,0.891972864,7.941962791,4.98,3.447,13.420,4.440,3.674
mammals,Marmota caligata,LC,3.06E+12,28966738005,2.64E+11,0.947630422,8.63825413,4.98,3.447,13.420,4.440,3.674
mammals,Marmota flaviventris,LC,2.54E+12,25427462661,2.65E+11,1.000551705,10.41350849,4.98,3.447,13.420,4.440,3.674
mammals,Marmota monax,LC,6901842129,25301732.72,242718151.7,0.366593907,3.516715496,4.98,3.447,13.420,4.440,3.674
mammals,Martes americana,LC,2270943001,0,2246026573,0,98.90281582,4.98,3.447,13.420,4.440,3.674
mammals,Martes pennanti,LC,1.43E+12,40019908401,2.15E+11,2.804725793,15.07480345,4.98,3.447,13.420,4.440,3.674
mammals,Mephitis mephitis,LC,1.88E+12,22139565092,1.71E+11,1.18028787,9.128639026,4.98,3.447,13.420,4.440,3.674
mammals,Microtus chrotorrhinus,LC,40852393379,448832078.3,246343502.4,1.098667768,0.60300874,4.98,3.447,13.420,4.440,3.674
mammals,Microtus longicaudus,LC,5.79E+12,1.03E+11,6.03E+11,1.78026459,10.40915365,4.98,3.447,13.420,4.440,3.674
mammals,Microtus miurus,LC,7.91E+11,5208270314,79149914486,0.658308908,10.00429905,4.98,3.447,13.420,4.440,3.674
mammals,Microtus montanus,LC,4.32E+12,41433807936,4.76E+11,0.958499068,11.00007612,4.98,3.447,13.420,4.440,3.674
mammals,Microtus ochrogaster,LC,1.26E+11,37021787288,12211934276,29.31364572,9.66934179,4.98,3.447,13.420,4.440,3.674
mammals,Microtus oeconomus,LC,6.51E+11,8384639568,1.07E+11,1.287205706,16.3991401,4.98,3.447,13.420,4.440,3.674
mammals,Microtus oregoni,LC,5.93E+12,1.66E+11,5.93E+11,2.790353431,9.987589945,4.98,3.447,13.420,4.440,3.674
mammals,Microtus pennsylvanicus,LC,3.53E+11,1004638204,83084502878,0.284526663,23.53061656,4.98,3.447,13.420,4.440,3.674
mammals,Microtus pinetorum,LC,7.99E+12,3.40E+11,8.52E+11,4.25292415,10.66869189,4.98,3.447,13.420,4.440,3.674
mammals,Microtus richardsoni,LC,4.73E+12,1.97E+11,5.23E+11,4.168577169,11.05675595,4.98,3.447,13.420,4.440,3.674
mammals,Microtus townsendii,LC,2.18E+11,2869975907,30918320731,1.314113851,14.1569807,4.98,3.447,13.420,4.440,3.674
mammals,Microtus xanthognathus,LC,5.27E+11,6673208702,39958509160,1.266097283,7.581264445,4.98,3.447,13.420,4.440,3.674
mammals,Mustela erminea,LC,2.60E+11,316199456.9,19307196614,0.121758193,7.434577533,4.98,3.447,13.420,4.440,3.674
mammals,Mustela frenata,LC,20368143731,189646594.1,3805928553,0.931094147,18.68569175,4.98,3.447,13.420,4.440,3.674
mammals,Mustela nivalis,LC,4348732582,87848648.45,863337039.7,2.020097736,19.85261276,4.98,3.447,13.420,4.440,3.674
mammals,Myodes gapperi,LC,4.12E+12,5.25E+11,4.49E+11,12.74162094,10.88400358,4.98,3.447,13.420,4.440,3.674
mammals,Myodes rutilus,LC,1.67E+12,19671495171,1.49E+11,1.177907906,8.904694629,4.98,3.447,13.420,4.440,3.674
mammals,Myotis californicus,LC,2.96E+11,5587586691,39806027503,1.890863287,13.47053033,4.98,3.447,13.420,4.440,3.674
mammals,Myotis ciliolabrum,LC,1122837.932,0,1122837.932,0,100,4.98,3.447,13.420,4.440,3.674
mammals,Myotis evotis,LC,1163698.187,0,1122837.932,0,96.48875839,4.98,3.447,13.420,4.440,3.674
mammals,Myotis keenii,LC,10725257.5,194228.9627,8930057.202,1.810949179,83.26193752,4.98,3.447,13.420,4.440,3.674
mammals,Myotis leibii,LC,2.45E+12,32318291041,2.89E+11,1.317585062,11.78157041,4.98,3.447,13.420,4.440,3.674
mammals,Myotis lucifugus,LC,4.86E+12,61277689217,4.77E+11,1.261612507,9.820844262,4.98,3.447,13.420,4.440,3.674
mammals,Myotis melanorhinus,LC,5.84E+12,1.97E+11,5.89E+11,3.377836026,10.07592771,4.98,3.447,13.420,4.440,3.674
mammals,Myotis septentrionalis,LC,6.64E+12,1.65E+11,6.69E+11,2.491221646,10.07473716,4.98,3.447,13.420,4.440,3.674
mammals,Myotis thysanodes,LC,8.34E+11,13772209050,73669248570,1.65143017,8.833704111,4.98,3.447,13.420,4.440,3.674
mammals,Myotis volans,LC,5.70E+11,10848260568,50423722009,1.904384302,8.85175499,4.98,3.447,13.420,4.440,3.674
mammals,Myotis yumanensis,LC,1.65E+12,12255862424,2.15E+11,0.744763409,13.09036865,4.98,3.447,13.420,4.440,3.674
mammals,Napaeozapus insignis,LC,2.93E+11,2906154124,20686893378,0.992644884,7.065949704,4.98,3.447,13.420,4.440,3.674
mammals,Neotamias amoenus,LC,10850331855,685659696.2,975491472,6.319250925,8.990429832,4.98,3.447,13.420,4.440,3.674
mammals,Neotamias minimus,LC,2.78E+12,4.78E+11,2.80E+11,17.17955207,10.05655496,4.98,3.447,13.420,4.440,3.674
mammals,Neotamias ruficaudus,LC,1.26E+12,2.29E+11,1.68E+11,18.14527531,13.32713339,4.98,3.447,13.420,4.440,3.674
mammals,Neotamias townsendii,LC,1.12E+12,17525141300,97069369682,1.569514708,8.693328107,4.98,3.447,13.420,4.440,3.674
mammals,Neotoma cinerea,LC,3.14E+12,32492760038,2.88E+11,1.035806081,9.185904377,4.98,3.447,13.420,4.440,3.674
mammals,Neovison vison,LC,1.17E+11,965589110.6,2318087533,0.825707266,1.982273514,4.98,3.447,13.420,4.440,3.674
mammals,Neurotrichus gibbsii,LC,4.93E+12,73808744573,5.12E+11,1.49780047,10.38796311,4.98,3.447,13.420,4.440,3.674
mammals,Nycticeius humeralis,LC,3886367578,58450982.49,873953989,1.504000363,22.48768217,4.98,3.447,13.420,4.440,3.674
mammals,Ochotona collaris,LC,24819460693,448818364.4,115667399.3,1.808332461,0.466035103,4.98,3.447,13.420,4.440,3.674
mammals,Ochotona princeps,LC,1.51E+12,18912286880,15817225685,1.253451003,1.048319408,4.98,3.447,13.420,4.440,3.674
mammals,Odocoileus hemionus,LC,3.51E+11,4493488481,22869166826,1.281160769,6.520341488,4.98,3.447,13.420,4.440,3.674
mammals,Odocoileus virginianus,LC,6.33E+12,1.16E+11,6.33E+11,1.825972582,9.989884583,4.98,3.447,13.420,4.440,3.674
mammals,Ondatra zibethicus,LC,18980689468,2778185632,2421384855,14.63690577,12.75709641,4.98,3.447,13.420,4.440,3.674
mammals,Onychomys leucogaster,LC,2.13E+11,2966978492,19984096555,1.394977889,9.395879646,4.98,3.447,13.420,4.440,3.674
mammals,Oreamnos americanus,LC,3.38E+11,4081708954,70071811046,1.206500386,20.71232124,4.98,3.447,13.420,4.440,3.674
mammals,Ovibos moschatus,LC,2.24E+12,1.29E+11,2.36E+11,5.724309957,10.51564054,4.98,3.447,13.420,4.440,3.674
mammals,Ovis canadensis,LC,9.87E+11,5859723452,77011178369,0.593452363,7.799423668,4.98,3.447,13.420,4.440,3.674
mammals,Ovis dalli,LC,2.52E+12,20482402391,2.26E+11,0.812542443,8.963477219,4.98,3.447,13.420,4.440,3.674
mammals,Parascalops breweri,LC,1.79E+12,37425862642,1.86E+11,2.089517996,10.35865444,4.98,3.447,13.420,4.440,3.674
mammals,Perognathus fasciatus,LC,4.70E+12,2.82E+11,4.60E+11,5.997761544,9.780131398,4.98,3.447,13.420,4.440,3.674
mammals,Perognathus parvus,LC,8.17E+11,12566203666,1.22E+11,1.537663657,14.94605058,4.98,3.447,13.420,4.440,3.674
mammals,Peromyscus keeni,LC,2.22E+12,25210237969,2.41E+11,1.136676693,10.86469706,4.98,3.447,13.420,4.440,3.674
mammals,Peromyscus leucopus,LC,5.23E+12,96665666594,5.37E+11,1.849509888,10.27059661,4.98,3.447,13.420,4.440,3.674
mammals,Peromyscus maniculatus,LC,1.61E+11,1673839337,12685429061,1.040049606,7.882163602,4.98,3.447,13.420,4.440,3.674
mammals,Phenacomys intermedius,LC,4.17E+12,1.00E+11,4.54E+11,2.404956435,10.88295149,4.98,3.447,13.420,4.440,3.674
mammals,Phenacomys ungava,LC,50089364617,1037945392,7485663457,2.07218718,14.94461652,4.98,3.447,13.420,4.440,3.674
mammals,Pipistrellus subflavus,LC,29443314849,266660848.2,3958670742,0.905675361,13.44505794,4.98,3.447,13.420,4.440,3.674
mammals,Procyon lotor,LC,32165250761,531929051.9,155751462.4,1.65373824,0.484222752,4.98,3.447,13.420,4.440,3.674
mammals,Puma concolor,LC,2.21E+12,19756700122,1.86E+11,0.895343782,8.443387846,4.98,3.447,13.420,4.440,3.674
mammals,Reithrodontomys megalotis,LC,1.77E+12,92648742017,2.56E+11,5.222203897,14.4410623,4.98,3.447,13.420,4.440,3.674
mammals,Scalopus aquaticus,LC,8.40E+12,5.28E+11,9.30E+11,6.285070571,11.06933936,3.7,3.447,13.420,4.440,3.674
mammals,Scapanus orarius,LC,6.71E+12,1.63E+11,6.82E+11,2.423284602,10.16343318,3.7,3.447,13.420,4.440,3.674
mammals,Scapanus townsendii,LC,4.85E+11,5508969996,82405419348,1.136519763,17.000526,3.7,3.447,13.420,4.440,3.674
mammals,Sciurus carolinensis,LC,2.08E+12,10832702307,1.78E+11,0.52119936,8.5701511,3.7,3.447,13.420,4.440,3.674
mammals,Sciurus niger,LC,1.67E+11,2006731713,17205584720,1.203246513,10.31655586,3.7,3.447,13.420,4.440,3.674
mammals,Sorex arcticus,LC,6.02E+12,1.44E+11,5.61E+11,2.386802897,9.309890467,3.7,3.447,13.420,4.440,3.674
mammals,Sorex bendirii,LC,3.06E+11,1133701965,16289337700,0.370366395,5.321524946,3.7,3.447,13.420,4.440,3.674
mammals,Sorex cinereus,LC,6.40E+12,5.42E+11,6.97E+11,8.461423982,10.89066812,3.7,3.447,13.420,4.440,3.674
mammals,Sorex dispar,LC,2.71E+12,29451137966,3.18E+11,1.085418924,11.73711315,3.7,3.447,13.420,4.440,3.674
mammals,Sorex fumeus,LC,1.33E+11,2377913613,15450495691,1.788326803,11.6196549,3.7,3.447,13.420,4.440,3.674
mammals,Sorex haydeni,LC,2.75E+11,1278678111,10024805395,0.464872919,3.644592415,3.7,3.447,13.420,4.440,3.674
mammals,Sorex hoyi,LC,5.39E+12,1.04E+11,5.40E+11,1.927656742,10.01722764,3.7,3.447,13.420,4.440,3.674
mammals,Sorex maritimensis,LC,2.26E+11,3102433558,19566491800,1.374187893,8.666756478,3.7,3.447,13.420,4.440,3.674
mammals,Sorex merriami,LC,3.41E+12,5.29E+11,3.67E+11,15.53414493,10.77813383,3.7,3.447,13.420,4.440,3.674
mammals,Sorex monticolus,LC,6.68E+12,1.64E+11,6.51E+11,2.457749332,9.745484694,3.7,3.447,13.420,4.440,3.674
mammals,Sorex palustris,LC,3.21E+12,4.51E+11,3.55E+11,14.04893406,11.06450575,3.7,3.447,13.420,4.440,3.674
mammals,Sorex preblei,LC,6.92E+11,14473825066,57776655973,2.092196197,8.351634718,3.7,3.447,13.420,4.440,3.674
mammals,Sorex rohweri,LC,9.66E+12,6.13E+11,9.91E+11,6.342969392,10.25911756,3.7,3.447,13.420,4.440,3.674
mammals,Sorex trowbridgii,LC,6.56E+12,2.25E+11,6.34E+11,3.425384876,9.663621829,3.7,3.447,13.420,4.440,3.674
mammals,Sorex tundrensis,LC,1.14E+12,9539482836,1.12E+11,0.836655563,9.800718844,3.7,3.447,13.420,4.440,3.674
mammals,Sorex ugyunak,LC,3551445589,95222774.81,230320755.2,2.681239862,6.485267744,3.7,3.447,13.420,4.440,3.674
mammals,Sorex vagrans,LC,1.27E+12,45790649933,2.15E+11,3.605875511,16.89511031,3.7,3.447,13.420,4.440,3.674
mammals,Spermophilus columbianus,LC,4.12E+12,35194698214,4.18E+11,0.854651037,10.14897905,3.7,3.447,13.420,4.440,3.674
mammals,Spermophilus franklinii,LC,1.03E+12,4505880544,86188909334,0.436477249,8.348978106,3.7,3.447,13.420,4.440,3.674
mammals,Spermophilus lateralis,LC,1.50E+12,40947222040,2.39E+11,2.731874263,15.96582811,3.7,3.447,13.420,4.440,3.674
mammals,Spermophilus parryii,LC,5.54E+11,51302501244,76326102788,9.252366869,13.76535427,3.7,3.447,13.420,4.440,3.674
mammals,Spermophilus richardsonii,LC,56128174795,1389270254,2813316439,2.475174472,5.012307009,3.7,3.447,13.420,4.440,3.674
mammals,Spermophilus saturatus,LC,5.38E+11,10603222346,40132267039,1.970416268,7.457852835,3.7,3.447,13.420,4.440,3.674
mammals,Spermophilus tridecemlineatus,LC,1.73E+12,2.23E+11,1.98E+11,12.90038437,11.48384142,3.7,3.447,13.420,4.440,3.674
mammals,Spilogale gracilis,LC,34435556284,118997339.7,4584615089,0.345565318,13.31360833,3.7,3.447,13.420,4.440,3.674
mammals,Sylvilagus floridanus,LC,23454921491,177243695.4,2974934227,0.755678059,12.68362475,3.7,3.447,13.420,4.440,3.674
mammals,Sylvilagus nuttallii,LC,3144384338,23891600.38,472156388.5,0.75981807,15.01586123,3.7,3.447,13.420,4.440,3.674
mammals,Synaptomys borealis,LC,1.22E+12,14636937277,1.95E+11,1.195538587,15.95513831,3.7,3.447,13.420,4.440,3.674
mammals,Synaptomys cooperi,LC,7.09E+12,2.00E+11,7.00E+11,2.819246768,9.863070858,3.7,3.447,13.420,4.440,3.674
mammals,Tamias striatus,LC,2.53E+11,3431489697,61180946319,1.356958398,24.19357371,3.7,3.447,13.420,4.440,3.674
mammals,Tamiasciurus douglasii,LC,1.87E+12,27067320136,2.16E+11,1.445019372,11.50892123,3.7,3.447,13.420,4.440,3.674
mammals,Tamiasciurus hudsonicus,LC,3.05E+12,27891772233,3.06E+11,0.913438298,10.00848298,3.7,3.447,13.420,4.440,3.674
mammals,Taxidea taxus,LC,3.61E+11,7533488710,26684945586,2.08744879,7.394111747,3.7,3.447,13.420,4.440,3.674
mammals,Thomomys talpoides,LC,26141683232,1038446034,1756910089,3.972376317,6.720722891,3.7,3.447,13.420,4.440,3.674
mammals,Urocyon cinereoargenteus,LC,6.95E+12,1.79E+11,7.11E+11,2.575300407,10.23573329,3.7,3.447,13.420,4.440,3.674
mammals,Ursus americanus,LC,47665843012,37453852.8,3375269926,0.078575874,7.081108217,3.7,3.447,13.420,4.440,3.674
mammals,Ursus arctos,LC,6.34E+11,3785312694,46788484627,0.597337158,7.383405994,3.7,3.447,13.420,4.440,3.674
mammals,Vulpes lagopus,LC,2.33E+11,2621756461,55087770758,1.126614808,23.67218283,3.7,3.447,13.420,4.440,3.674
mammals,Zapus hudsonius,LC,19190114549,186535665.8,2249194754,0.972040398,11.72059056,3.7,3.447,13.420,4.440,3.674
mammals,Zapus princeps,LC,6.69E+11,13140695088,50014418070,1.964379709,7.476568579,3.7,3.447,13.420,4.440,3.674
mammals,Zapus trinotatus,LC,67977857410,502317463.7,11986344286,0.738942772,17.63271857,3.7,3.447,13.420,4.440,3.674
mammals,Bison bison,NT,6.58E+12,1.48E+11,6.76E+11,2.256868985,10.28201318,3.7,3.447,13.420,4.440,3.674
mammals,Rangifer tarandus,VU,3.84E+11,5894914880,37773005196,1.536875596,9.847879243,1.19,3.447,13.420,4.440,3.674
mammals,Spilogale putorius,VU,5.14E+11,10878592799,37041972539,2.118031831,7.211969265,1.19,3.447,13.420,4.440,3.674
mammals,Ursus maritimus,VU,2.90E+12,28385189733,3.16E+11,0.979337561,10.91748667,1.19,3.447,13.420,4.440,3.674
reptiles,Eretmochelys imbricata,CR,36609031.03,0,929112.6526,0,2.537932926,1.65,2.502,10.936,3.831,1.318
reptiles,Chelonia mydas,EN,1.30E+12,5638967872,1.10E+11,0.432800925,8.441911817,1.65,2.502,10.936,3.831,1.318
reptiles,Clemmys guttata,EN,7.30E+11,5364414377,1.28E+11,0.734368401,17.53478755,1.65,2.502,10.936,3.831,1.318
reptiles,Emydoidea blandingii,EN,9.47E+11,5500820132,74171005239,0.580761859,7.830776117,1.65,2.502,10.936,3.831,1.318
reptiles,Glyptemys insculpta,EN,37835153.5,0,929112.6526,0,2.455686224,1.65,2.502,10.936,3.831,1.318
reptiles,Apalone spinifera,LC,1.27E+12,18510079900,1.24E+11,1.457276545,9.744366128,4.98,2.502,10.936,3.831,1.318
reptiles,Charina bottae,LC,3.49E+11,12963914812,68614269222,3.717018332,19.67310803,4.98,2.502,10.936,3.831,1.318
reptiles,Chelydra serpentina,LC,54552799504,1207425016,4288691998,2.21331449,7.861543379,4.98,2.502,10.936,3.831,1.318
reptiles,Chrysemys picta,LC,8.97E+12,4.81E+11,9.81E+11,5.36337598,10.94355202,4.98,2.502,10.936,3.831,1.318
reptiles,Contia tenuis,LC,5.14E+12,49366174868,5.84E+11,0.960971797,11.36242987,4.98,2.502,10.936,3.831,1.318
reptiles,Crotalus oreganus,LC,3.37E+12,35841841757,3.77E+11,1.063946037,11.1966508,4.98,2.502,10.936,3.831,1.318
reptiles,Crotalus viridis,LC,1.16E+12,10459665839,1.06E+11,0.902687812,9.184873102,4.98,2.502,10.936,3.831,1.318
reptiles,Diadophis punctatus,LC,3.05E+12,27747672201,2.74E+11,0.908919515,8.974728745,4.98,2.502,10.936,3.831,1.318
reptiles,Elgaria coerulea,LC,1.30E+12,9194468875,1.27E+11,0.705894916,9.743723549,4.98,2.502,10.936,3.831,1.318
reptiles,Graptemys geographica,LC,3.25E+12,28828938107,3.77E+11,0.886966405,11.61022035,4.98,2.502,10.936,3.831,1.318
reptiles,Heterodon nasicus,LC,3.56E+12,4.97E+11,3.94E+11,13.94649594,11.05584368,4.98,2.502,10.936,3.831,1.318
reptiles,Heterodon platirhinos,LC,4.05E+12,5.47E+11,4.92E+11,13.50663157,12.13756679,4.98,2.502,10.936,3.831,1.318
reptiles,Hypsiglena torquata,LC,1367660452,81892410,235026581,5.987773491,17.18457097,4.98,2.502,10.936,3.831,1.318
reptiles,Liochlorophis vernalis,LC,1.32E+12,20365289351,1.12E+11,1.541373328,8.5138272,4.98,2.502,10.936,3.831,1.318
reptiles,Nerodia sipedon,LC,2.16E+12,25151010434,2.32E+11,1.166004769,10.75460187,4.98,2.502,10.936,3.831,1.318
reptiles,Pantherophis obsoletus,LC,3.42E+12,43245487813,3.75E+11,1.266174776,10.99015868,4.98,2.502,10.936,3.831,1.318
reptiles,Phrynosoma hernandesi,LC,1.27E+12,20066932014,1.10E+11,1.583900429,8.669954188,4.98,2.502,10.936,3.831,1.318
reptiles,Pituophis catenifer,LC,3.73E+12,2.03E+11,3.75E+11,5.436135108,10.062128,4.98,2.502,10.936,3.831,1.318
reptiles,Plestiodon fasciatus,LC,6.28E+11,11610790245,42253038379,1.847579547,6.723560399,4.98,2.502,10.936,3.831,1.318
reptiles,Plestiodon septentrionalis,LC,4.61E+12,1.00E+11,4.36E+11,2.171112599,9.456737191,4.98,2.502,10.936,3.831,1.318
reptiles,Plestiodon skiltonianus,LC,1.22E+12,20736389031,82377160527,1.704290928,6.770448178,4.98,2.502,10.936,3.831,1.318
reptiles,Regina septemvittata,LC,9.09E+11,24464148434,1.60E+11,2.692605603,17.58565551,4.98,2.502,10.936,3.831,1.318
reptiles,Sistrurus catenatus,LC,666808362.6,2086126.172,40324036.21,0.312852431,6.04732011,3.7,2.502,10.936,3.831,1.318
reptiles,Sternotherus odoratus,LC,5531732349,0,67090665.12,0,1.212832814,3.7,2.502,10.936,3.831,1.318
reptiles,Storeria occipitomaculata,LC,44521332932,1280229731,3311155442,2.875542232,7.437233399,3.7,2.502,10.936,3.831,1.318
reptiles,Thamnophis butleri,LC,5.07E+11,4002705491,1.42E+11,0.78910446,28.059664,3.7,2.502,10.936,3.831,1.318
reptiles,Thamnophis elegans,LC,1.30E+12,2.00E+11,1.84E+11,15.33070557,14.15893513,3.7,2.502,10.936,3.831,1.318
reptiles,Thamnophis ordinoides,LC,87264031798,1146846599,24704560414,1.314226005,28.31012951,3.7,2.502,10.936,3.831,1.318
reptiles,Thamnophis radix,LC,4.55E+11,15984023951,75389159010,3.510941178,16.5594661,3.7,2.502,10.936,3.831,1.318
reptiles,Thamnophis sauritus,LC,2.32E+11,2347059670,16873875441,1.01298809,7.282744051,3.7,2.502,10.936,3.831,1.318
reptiles,Thamnophis sirtalis,LC,2.01E+11,1182956356,21600192513,0.5887667,10.75058602,3.7,2.502,10.936,3.831,1.318
reptiles,Pantherophis gloydi,NT,1.70E+11,1764457184,21731189799,1.039772325,12.80591558,1.19,2.502,10.936,3.831,1.318
reptiles,Actinemys marmorata,VU,4.73E+11,3323902356,32698209594,0.70340742,6.919626625,1.19,2.502,10.936,3.831,1.318
reptiles,Caretta caretta,VU,28746480717,38542065.47,4396600801,0.13407577,15.29439671,1.19,2.502,10.936,3.831,1.318
reptiles,Dermochelys coriacea,VU,45715121323,570990287.7,5041968273,1.249018424,11.029104,1.19,2.502,10.936,3.831,1.318
reptiles,Lepidochelys olivacea,VU,1.03E+11,980265366.7,3610496350,0.954892797,3.517044542,1.19,2.502,10.936,3.831,1.318
