"Group","Sci1","Sci2","nm","tot_area","BL_area","PA_area","BL_perc","PA_perc"
"Amphibians","Acris","crepitans","Amphibians_Acris_crepitans",36609031.0327047,0,929112.652615352,0,2.53793292640094
"Amphibians","Ambystoma","gracile","Amphibians_Ambystoma_gracile",140146657437.107,452964506.096492,29741737817.5334,0.323207498758767,21.2218674076336
"Amphibians","Ambystoma","jeffersonianum","Amphibians_Ambystoma_jeffersonianum",1531164653.13338,72239001.3970448,6777696.97392061,4.71791203181281,0.442649780351885
"Amphibians","Ambystoma","laterale","Amphibians_Ambystoma_laterale",1302901067368.31,5638967871.53599,109989759176.159,0.43280092501006,8.44191181747387
"Amphibians","Ambystoma","macrodactylum","Amphibians_Ambystoma_macrodactylum",730480011371.521,5364414376.88155,128088118117.501,0.734368400691695,17.5347875538727
"Amphibians","Ambystoma","maculatum","Amphibians_Ambystoma_maculatum",947173104325.634,5500820132.2497,74171005238.5925,0.580761859382205,7.83077611683248
"Amphibians","Ambystoma","mavortium","Amphibians_Ambystoma_mavortium",439658686544.779,9251814585.09797,19222786355.3056,2.10431747813441,4.3722066556617
"Amphibians","Ambystoma","texanum","Amphibians_Ambystoma_texanum",37835153.5046597,0,929112.652615352,0,2.45568622445506
"Amphibians","Anaxyrus","americanus","Amphibians_Anaxyrus_americanus",2483747515817.59,12960844355.9073,220309468063.286,0.521826162819164,8.87004281474904
"Amphibians","Anaxyrus","boreas","Amphibians_Anaxyrus_boreas",884390107042.491,6456425000.36661,136994410515.896,0.730042653004982,15.4902694438795
"Amphibians","Anaxyrus","cognatus","Amphibians_Anaxyrus_cognatus",17355699592.8756,0,1089416961.70479,0,6.27699826143559
"Amphibians","Anaxyrus","fowleri","Amphibians_Anaxyrus_fowleri",115024869.397613,0,18773933.8620173,0,16.3216302355627
"Amphibians","Anaxyrus","hemiophrys","Amphibians_Anaxyrus_hemiophrys",1081054988367.23,17183873706.8904,53301361429.6421,1.58954668280511,4.93049493348585
"Amphibians","Anaxyrus","woodhousii","Amphibians_Anaxyrus_woodhousii",349933.92078703,0,327870.472614606,0,93.6949672890237
"Amphibians","Aneides","ferreus","Amphibians_Aneides_ferreus",24000496537.9884,94545126.2924336,1947586305.43843,0.393929876170627,8.1147750520734
"Amphibians","Aneides","vagrans","Amphibians_Aneides_vagrans",33077524996.1799,153318236.215297,4293545083.57229,0.463511814239439,12.9802489275366
"Amphibians","Ascaphus","montanus","Amphibians_Ascaphus_montanus",1178869381.32134,66902252.2195009,26450694.0561923,5.67512001579967,2.24373407904996
"Amphibians","Ascaphus","truei","Amphibians_Ascaphus_truei",98327368655.0348,387781853.279441,20888469796.6133,0.394378349165337,21.2438002586004
"Amphibians","Desmognathus","fuscus","Amphibians_Desmognathus_fuscus",90896972148.9051,102240890.773266,2746837369.54354,0.112479974146749,3.02192394818581
"Amphibians","Desmognathus","ochrophaeus","Amphibians_Desmognathus_ochrophaeus",4327454.93919398,0,0,0,0
"Amphibians","Dicamptodon","tenebrosus","Amphibians_Dicamptodon_tenebrosus",92758910.0951691,1447138.72371065,25426643.0648118,1.56010751120933,27.41153711134
"Amphibians","Ensatina","eschscholtzii","Amphibians_Ensatina_eschscholtzii",11879552319.9421,72871748.3123835,752095407.020801,0.613421670697593,6.33100799394827
"Amphibians","Eurycea","bislineata","Amphibians_Eurycea_bislineata",618648881135.185,2038573114.40537,45911146869.353,0.329520213576513,7.42119613715435
"Amphibians","Gyrinophilus","porphyriticus","Amphibians_Gyrinophilus_porphyriticus",17620266269.9707,756170.812205808,460815916.890675,0.00429148345785507,2.61526080156927
"Amphibians","Hemidactylium","scutatum","Amphibians_Hemidactylium_scutatum",164424340528.353,2467225398.66696,12977463143.2608,1.50052321374007,7.89266546641431
"Amphibians","Hyla","chrysoscelis","Amphibians_Hyla_chrysoscelis",381568845692.311,5179161371.14633,35567578330.9096,1.3573333959562,9.32140522803334
"Amphibians","Hyla","versicolor","Amphibians_Hyla_versicolor",420803978559.491,5327827948.8677,36882928260.2647,1.26610683841585,8.76487156478972
"Amphibians","Lithobates","catesbeianus","Amphibians_Lithobates_catesbeianus",356353883645.74,3107394241.72224,26334167760.3844,0.871996738166989,7.38989217430947
"Amphibians","Lithobates","clamitans","Amphibians_Lithobates_clamitans",807718107865.12,4850445743.7675,62416838421.1878,0.600512195596025,7.72755220087386
"Amphibians","Lithobates","palustris","Amphibians_Lithobates_palustris",376994878050.579,1855374993.77503,24882638008.2071,0.492148594529739,6.60025890454373
"Amphibians","Lithobates","pipiens","Amphibians_Lithobates_pipiens",2279077719654.56,21290076540.5908,193107856242.676,0.934153160157163,8.47307025018635
"Amphibians","Lithobates","septentrionalis","Amphibians_Lithobates_septentrionalis",1529468542147.26,8686863280.14201,115858091970.445,0.567966129459995,7.5750555685041
"Amphibians","Lithobates","sylvaticus","Amphibians_Lithobates_sylvaticus",6107215521788.97,121906005225.803,506905823547.362,1.99609797281386,8.30011355811585
"Amphibians","Necturus","maculosus","Amphibians_Necturus_maculosus",319412599554.468,3705077109.49906,26301219697.7532,1.15996586066645,8.23424615511079
"Amphibians","Notophthalmus","viridescens","Amphibians_Notophthalmus_viridescens",782676926291.222,5017628203.3121,59886805551.45,0.641085489397079,7.65153584317715
"Amphibians","Plethodon","cinereus","Amphibians_Plethodon_cinereus",729509048400.237,3990753652.97392,56733125030.599,0.547046491297862,7.77689120580626
"Amphibians","Plethodon","idahoensis","Amphibians_Plethodon_idahoensis",943474467.474388,20964490.9215528,48784884.018189,2.22205175066085,5.17076886550863
"Amphibians","Plethodon","vehiculum","Amphibians_Plethodon_vehiculum",52453417353.9202,214166662.727856,7027984718.58383,0.408298779244076,13.3985259171271
"Amphibians","Pseudacris","crucifer","Amphibians_Pseudacris_crucifer",1506339753487.62,9601417584.79564,131871664755.192,0.637400530827491,8.75444364061092
"Amphibians","Pseudacris","maculata","Amphibians_Pseudacris_maculata",2782283937431.64,28934429351.1301,181607385087.097,1.039952427639,6.52727719999495
"Amphibians","Pseudacris","regilla","Amphibians_Pseudacris_regilla",244424794154.175,2221790665.43731,30893595201.9992,0.90898743440728,12.6393049890481
"Amphibians","Pseudacris","triseriata","Amphibians_Pseudacris_triseriata",25072538785.4367,480135471.894949,118243476.393376,1.91498545880736,0.471605517914513
"Amphibians","Pseudotriton","ruber","Amphibians_Pseudotriton_ruber",9780.66744059543,6120.9854758067,0,62.5824925853329,0
"Amphibians","Rana","aurora","Amphibians_Rana_aurora",76531631619.6117,253159388.376943,10918038947.9469,0.330790528072407,14.2660475373284
"Amphibians","Rana","cascadae","Amphibians_Rana_cascadae",4245627.52602692,0,751031.442292984,0,17.6895273475816
"Amphibians","Rana","luteiventris","Amphibians_Rana_luteiventris",460993297011.687,2719563100.70558,84571585559.5263,0.589935497616712,18.3455130709595
"Amphibians","Rana","pretiosa","Amphibians_Rana_pretiosa",1919872772.30171,27419499.9504858,85051531.8036669,1.42819359418348,4.43006083688035
"Amphibians","Spea","bombifrons","Amphibians_Spea_bombifrons",195393514972.716,2778002206.34395,9671385019.65628,1.42174739357745,4.94969601268842
"Amphibians","Spea","intermontana","Amphibians_Spea_intermontana",23248813980.9704,1398329929.73112,1400624069.43004,6.01462909409349,6.02449686498621
"Amphibians","Taricha","granulosa","Amphibians_Taricha_granulosa",112921236593.196,399865525.220168,23054404467.7039,0.354110118950169,20.4163584842402
"Birds","Accipiter","cooperii","Birds_Accipiter_cooperii",820915782914.647,13442525986.9243,91911059817.9049,1.63750365953458,11.1961618634711
"Birds","Accipiter","gentilis","Birds_Accipiter_gentilis",6745660409502.29,146268696046.459,672392264127.846,2.168337674402,9.96777518151787
"Birds","Accipiter","striatus","Birds_Accipiter_striatus",5218403703597.6,143671059468.271,528457144685.736,2.75316107431901,10.1267969038389
"Birds","Actitis","macularius","Birds_Actitis_macularius",6942804788815.13,183933613785.083,704478922758.399,2.64926955862852,10.1468922746224
"Birds","Aechmophorus","clarkii","Birds_Aechmophorus_clarkii",340359674057.653,6488319734.88919,34798279356.523,1.90631271253073,10.2239724646782
"Birds","Aechmophorus","occidentalis","Birds_Aechmophorus_occidentalis",1270183065791.17,18510079899.6951,123771288424.018,1.45727654526441,9.74436612780096
"Birds","Aegolius","acadicus","Birds_Aegolius_acadicus",2874772166804.49,27043765518.527,327286058088.628,0.940727262869949,11.3847650908778
"Birds","Aegolius","funereus","Birds_Aegolius_funereus",5570737119419.93,113022917379.729,556416474871.057,2.02886826207836,9.98820197297329
"Birds","Aeronautes","saxatalis","Birds_Aeronautes_saxatalis",44456636753.0205,779187099.017998,3921095943.57101,1.75269016265622,8.82004629669742
"Birds","Agelaius","phoeniceus","Birds_Agelaius_phoeniceus",4698652307151.65,111395255203.325,499048953789.119,2.370791621116,10.6211083767474
"Birds","Aix","sponsa","Birds_Aix_sponsa",1231036588897.52,9973132487.33552,107669017515.719,0.810141028892339,8.74620774774406
"Birds","Alca","torda","Birds_Alca_torda",87397883155.586,1055170735.45765,8340591401.67482,1.20731841248286,9.54324189617599
"Birds","Alle","alle","Birds_Alle_alle",5573366665.33966,268766263.530837,217009853.366123,4.82233234720181,3.89369417798565
"Birds","Ammodramus","bairdii","Birds_Ammodramus_bairdii",388842694928.482,6315239030.7518,27755092538.5917,1.62411152713395,7.13787166393767
"Birds","Ammodramus","henslowii","Birds_Ammodramus_henslowii",7687455.41403029,9994.07758052863,0,0.130005015213338,0
"Birds","Ammodramus","leconteii","Birds_Ammodramus_leconteii",2435560315512.35,27040272559.976,235882218605.487,1.1102279991899,9.68492617912714
"Birds","Ammodramus","nelsoni","Birds_Ammodramus_nelsoni",1121723592239.12,19026840675.6338,139297824487.788,1.69621471878411,12.4181951285993
"Birds","Ammodramus","savannarum","Birds_Ammodramus_savannarum",437318958913.242,5737549945.82597,36945815434.5675,1.31198289689613,8.44825377028692
"Birds","Anas","acuta","Birds_Anas_acuta",6543853266212.87,356000993019.487,725453854163.551,5.44023495846989,11.0860348582265
"Birds","Anas","crecca","Birds_Anas_crecca",7106256561177.56,222260709810.358,698528217810.243,3.12767640595188,9.82976355830434
"Birds","Anas","platyrhynchos","Birds_Anas_platyrhynchos",6278977627149.17,222232623986.518,629601064508.07,3.53931224449064,10.027127056255
"Birds","Anas","rubripes","Birds_Anas_rubripes",3245281558044.11,15337443215.8316,301281393639.325,0.472607474621564,9.28367502944503
"Birds","Anser","albifrons","Birds_Anser_albifrons",1211713111405.57,251994253311.462,158246630313.736,20.7965277374239,13.0597439958516
"Birds","Anser","caerulescens","Birds_Anser_caerulescens",489435200362.393,87332507838.7721,95787851642.2056,17.8435281675916,19.5710998251211
"Birds","Anser","rossii","Birds_Anser_rossii",212460312736.213,34061773889.1836,82352788364.7203,16.0320642714454,38.7614925837787
"Birds","Anthus","rubescens","Birds_Anthus_rubescens",3785835100027.86,470885477777.37,508360066387.287,12.438087379292,13.4279505830443
"Birds","Anthus","spragueii","Birds_Anthus_spragueii",685800762615.304,12487481846.4577,50752528965.8125,1.82086146985848,7.40047718411211
"Birds","Antigone","canadensis","Birds_Antigone_canadensis",6282480876946.69,519363537830.26,689521130949.651,8.26685425714615,10.9753001155932
"Birds","Antrostomus","carolinensis","Birds_Antrostomus_carolinensis",2187828519.8017,0,19160260.1520572,0,0.875766083979648
"Birds","Antrostomus","vociferus","Birds_Antrostomus_vociferus",784258945001.748,7506072220.85691,74866713438.1211,0.957091056301586,9.54617271696585
"Birds","Aquila","chrysaetos","Birds_Aquila_chrysaetos",4533286997148.19,233776292471.934,457464645173.59,5.15688269061716,10.0912350235353
"Birds","Archilochus","alexandri","Birds_Archilochus_alexandri",60646936013.7868,891992937.222437,7479967984.76065,1.47079637629123,12.3336288300867
"Birds","Archilochus","colubris","Birds_Archilochus_colubris",1409265046279.21,17201294684.317,104716779625.043,1.22058620056833,7.43059511065854
"Birds","Ardea","alba","Birds_Ardea_alba",239709535082.553,1128706644.62482,16550926862.5631,0.470864308437335,6.90457593055825
"Birds","Ardea","herodias","Birds_Ardea_herodias",3840777942388.88,35675626484.2229,369494303588.728,0.928864595125054,9.62029852105718
"Birds","Ardenna","bulleri","Birds_Ardenna_bulleri",3254315962.81285,44020709.2865778,896248101.529725,1.35268700979264,27.5402914705018
"Birds","Ardenna","carneipes","Birds_Ardenna_carneipes",3945400928.85389,64669241.0375669,969369848.997925,1.63910442065904,24.5696157748794
"Birds","Ardenna","creatopus","Birds_Ardenna_creatopus",4340676704.92159,73619557.6817104,978778409.984798,1.69603872129519,22.5489820256604
"Birds","Ardenna","gravis","Birds_Ardenna_gravis",6529217377.77798,25377227.0093169,217180020.74469,0.388671804613025,3.32627952446271
"Birds","Ardenna","grisea","Birds_Ardenna_grisea",23539739542.6394,2118973371.31184,1418997179.47318,9.00168571310473,6.02809209890718
"Birds","Ardenna","tenuirostris","Birds_Ardenna_tenuirostris",4354097827.55115,73637768.8918204,991611440.242087,1.69122908598579,22.7742113180721
"Birds","Arenaria","interpres","Birds_Arenaria_interpres",1444128572183.48,224935816378.168,139480693626.816,15.575885742505,9.6584678340603
"Birds","Arenaria","melanocephala","Birds_Arenaria_melanocephala",52538422742.5328,478483918.998058,9640062687.34883,0.910731411452705,18.3485955309135
"Birds","Asio","flammeus","Birds_Asio_flammeus",7673261979442.25,318542027657.371,788221490080.645,4.15132480176996,10.2723130292228
"Birds","Asio","otus","Birds_Asio_otus",3521025939567.37,32734752341.2065,371751025539.715,0.929693586558146,10.5580314351616
"Birds","Athene","cunicularia","Birds_Athene_cunicularia",406276532187.092,5183945691.04627,29413438117.4701,1.27596483684148,7.23975809262964
"Birds","Aythya","affinis","Birds_Aythya_affinis",3519889698272.65,153169118030.763,319468232942.829,4.35153175697321,9.07608647792584
"Birds","Aythya","americana","Birds_Aythya_americana",1655361991185.08,21069007133.8333,149332135424.165,1.27277340219404,9.02111660285602
"Birds","Aythya","collaris","Birds_Aythya_collaris",3758974013516.28,60909679473.7301,316236764436.614,1.62038043505262,8.41284784889467
"Birds","Aythya","marila","Birds_Aythya_marila",3171313481343.85,222516640725.919,312550962878.244,7.01654510142047,9.85556819648744
"Birds","Aythya","valisineria","Birds_Aythya_valisineria",2226062549774.21,136620590275.749,215349191992.262,6.13732036818132,9.67399554941101
"Birds","Baeolophus","bicolor","Birds_Baeolophus_bicolor",21212109542.804,448827861.066972,111201854.747585,2.115903937613,0.524237603634805
"Birds","Bartramia","longicauda","Birds_Bartramia_longicauda",971464863181.444,40396937794.4934,92051457795.5308,4.15835294981208,9.47553136343729
"Birds","Bombycilla","cedrorum","Birds_Bombycilla_cedrorum",3785028818195.23,34265502429.8425,375683930526.578,0.905290397397316,9.92552365045695
"Birds","Bombycilla","garrulus","Birds_Bombycilla_garrulus",5719997335022.42,181503446412.66,564454268719.703,3.17313865342821,9.86808621856624
"Birds","Bonasa","umbellus","Birds_Bonasa_umbellus",5377583098889.83,80067758710.4155,519019148951.919,1.48891718152984,9.65153191326913
"Birds","Botaurus","lentiginosus","Birds_Botaurus_lentiginosus",4489934576800.84,39239126744.0408,450682847081.426,0.873935378630826,10.0376261473847
"Birds","Brachyramphus","brevirostris","Birds_Brachyramphus_brevirostris",5696613685.91846,114949412.793959,2307093753.99753,2.01785515275687,40.4993893073787
"Birds","Brachyramphus","marmoratus","Birds_Brachyramphus_marmoratus",113164330072.059,467172950.501078,25725371044.2024,0.412827036755839,22.7327560087365
"Birds","Branta","bernicla","Birds_Branta_bernicla",1168791195205.78,214193630118.096,166317728985.113,18.3260817669305,14.2298923595015
"Birds","Branta","canadensis","Birds_Branta_canadensis",6648779014635.5,205711170839.088,680443583409.741,3.0939691390896,10.2341133900214
"Birds","Branta","hutchinsii","Birds_Branta_hutchinsii",778388963412.306,206201357980.675,97548286642.5827,26.4907864413607,12.5320747374102
"Birds","Bubo","scandiacus","Birds_Bubo_scandiacus",8756199738827.78,539859112364.105,941230211680.511,6.16544994936785,10.7493003786425
"Birds","Bubo","virginianus","Birds_Bubo_virginianus",6578507823608.44,156764924157.799,615113111310.281,2.38298605643081,9.35034399598662
"Birds","Bubulcus","ibis","Birds_Bubulcus_ibis",511501065253.076,6477311230.87308,58642375759.3542,1.26633386924977,11.46476121811
"Birds","Bucephala","albeola","Birds_Bucephala_albeola",4480854471340.62,119350718847.41,431458393126.622,2.66357052233614,9.62893117565441
"Birds","Bucephala","clangula","Birds_Bucephala_clangula",6862060552712.34,196782909549.622,681114468107.898,2.86769415743264,9.92580090011996
"Birds","Bucephala","islandica","Birds_Bucephala_islandica",1287072137386.72,12159302835.0375,206436883872.878,0.944725822417833,16.0392629034786
"Birds","Buteo","jamaicensis","Birds_Buteo_jamaicensis",5156122593075.11,85364484848.5166,525242288347.724,1.65559455400003,10.1867688144798
"Birds","Buteo","lagopus","Birds_Buteo_lagopus",4492481544552.4,397170574851.902,557764632061.896,8.84078367185531,12.4155130417451
"Birds","Buteo","lineatus","Birds_Buteo_lineatus",202211861551.472,2765556351.38446,13354263826.6009,1.36765288156971,6.60409519211195
"Birds","Buteo","platypterus","Birds_Buteo_platypterus",1594740747012.11,17450177759.9475,143667185060.536,1.09423288974349,9.00881132746558
"Birds","Buteo","regalis","Birds_Buteo_regalis",391392756242.094,7197285647.4322,5340022167.6744,1.83889086669257,1.36436407739017
"Birds","Buteo","swainsoni","Birds_Buteo_swainsoni",489202511390.095,9676525246.2836,35061461907.6657,1.97802035373597,7.16706498665279
"Birds","Butorides","striata","Birds_Butorides_striata",317475965291.159,1820906330.65064,24225823946.0417,0.573557223136774,7.63075841782987
"Birds","Calamospiza","melanocorys","Birds_Calamospiza_melanocorys",272319894014.452,4514502058.06059,23120862261.3044,1.65779370412835,8.49033169059524
"Birds","Calcarius","lapponicus","Birds_Calcarius_lapponicus",3363740649214.4,441485261301.907,439031069736.694,13.1248305782735,13.0518703883793
"Birds","Calcarius","ornatus","Birds_Calcarius_ornatus",263366384072.838,4018899998.06514,21487906704.4534,1.5259730326683,8.15894054972124
"Birds","Calcarius","pictus","Birds_Calcarius_pictus",521634568052.345,80853658843.1694,133211793433.031,15.5000576639422,25.5373783854876
"Birds","Calidris","alba","Birds_Calidris_alba",896286701514.161,113285221161.331,115210949627.743,12.6393955159605,12.8542518184314
"Birds","Calidris","alpina","Birds_Calidris_alpina",787588353621.921,156492032539.261,105539229148.672,19.8697748410821,13.4003034279676
"Birds","Calidris","bairdii","Birds_Calidris_bairdii",1981948900761.73,326070102284,269478307905.19,16.4519933969378,13.5966324763278
"Birds","Calidris","canutus","Birds_Calidris_canutus",667134743054.326,74384642978.6809,49434731695.0273,11.1498679619244,7.41000708023412
"Birds","Calidris","ferruginea","Birds_Calidris_ferruginea",380954904844.023,1472992469.62484,19907844812.9624,0.386657961584176,5.22577464151917
"Birds","Calidris","fuscicollis","Birds_Calidris_fuscicollis",1288692413360.2,262605666659.072,161157112378.487,20.3776839171685,12.5054753723798
"Birds","Calidris","himantopus","Birds_Calidris_himantopus",312746691830.491,60650720651.8451,39979607720.77,19.3929215675662,12.7833830908878
"Birds","Calidris","maritima","Birds_Calidris_maritima",779627170777.159,117946946699.403,77360322388.3902,15.1286347013572,9.92273297905648
"Birds","Calidris","mauri","Birds_Calidris_mauri",45759231191.0434,287528836.818769,8180905875.51812,0.628351546419879,17.8781541179376
"Birds","Calidris","melanotos","Birds_Calidris_melanotos",1105812979130.87,237055960025.851,162079768561.604,21.4372560730991,14.6570687467417
"Birds","Calidris","minutilla","Birds_Calidris_minutilla",3508295806619.49,263127216683.083,373650244861.047,7.50014340827852,10.6504771962512
"Birds","Calidris","ptilocnemis","Birds_Calidris_ptilocnemis",225338333517.717,620275261.547274,51315368147.1031,0.275263978331723,22.7725870454565
"Birds","Calidris","pusilla","Birds_Calidris_pusilla",2187700391381.56,367058650200.817,289568822472.159,16.7782869924439,13.2362193476271
"Birds","Calidris","subruficollis","Birds_Calidris_subruficollis",492217750709.418,101839680396.631,45254528474.7836,20.6899650103745,9.19400578495181
"Birds","Calidris","virgata","Birds_Calidris_virgata",348771882529.878,12963914811.7829,68614269222.034,3.71701833236868,19.673108028184
"Birds","Callipepla","californica","Birds_Callipepla_californica",54552799503.6422,1207425015.94429,4288691997.62323,2.21331448968751,7.86154337934004
"Birds","Calonectris","borealis","Birds_Calonectris_borealis",1880059635.05139,19640281.5511507,69916889.779817,1.04466268968185,3.71886553364069
"Birds","Calypte","anna","Birds_Calypte_anna",169884534028.111,1110901750.50867,29083515284.7274,0.65391576511894,17.119577983429
"Birds","Cardinalis","cardinalis","Birds_Cardinalis_cardinalis",132050805641.822,693675330.932203,2476781951.68604,0.525309427353093,1.87562805061872
"Birds","Carduelis","flammea","Birds_Carduelis_flammea",8965599660778.35,480858818676.446,981155063147.634,5.36337598008141,10.9435520240757
"Birds","Carduelis","pinus","Birds_Carduelis_pinus",4811422708370.79,71997330612.5825,533092477394.624,1.49638339793599,11.0797265113947
"Birds","Carduelis","tristis","Birds_Carduelis_tristis",2319228257629.22,25805524678.8774,180558869983.884,1.11267722760745,7.78529967414487
"Birds","Carpodacus","cassinii","Birds_Carpodacus_cassinii",167093180958.092,2296416495.85068,21626379115.4036,1.37433286186983,12.9427059748343
"Birds","Carpodacus","mexicanus","Birds_Carpodacus_mexicanus",275997290177.499,1369829265.13817,18843264998.1723,0.496319824103057,6.82733695901645
"Birds","Carpodacus","purpureus","Birds_Carpodacus_purpureus",3418907216574.48,27884705226.607,378505461833.21,0.815602865483598,11.0709486352323
"Birds","Catharacta","maccormicki","Birds_Catharacta_maccormicki",969555372.381159,0,37193795.9114486,0,3.83617036952755
"Birds","Catharacta","skua","Birds_Catharacta_skua",6834609366.66138,25431666.2068793,231857848.212364,0.372101240064029,3.39240819443678
"Birds","Cathartes","aura","Birds_Cathartes_aura",624648797213.198,8473308468.21042,45685702654.1697,1.35649160072238,7.31382224027189
"Birds","Catharus","bicknelli","Birds_Catharus_bicknelli",28389420318.802,321713.412023209,3784224092.73578,0.00113321585439398,13.3296983532613
"Birds","Catharus","fuscescens","Birds_Catharus_fuscescens",1904160931801.39,16435307878.519,174429317699.738,0.863125989197286,9.16042939368168
"Birds","Catharus","guttatus","Birds_Catharus_guttatus",5137109645264.64,49366174867.5897,583700480718.617,0.960971796914927,11.3624298686455
"Birds","Catharus","minimus","Birds_Catharus_minimus",2978684828937.47,144676117400.063,255488963082.691,4.85704684143003,8.57724055263095
"Birds","Catharus","ustulatus","Birds_Catharus_ustulatus",5453465352901.54,77466025811.0652,537802460108.007,1.42049175704122,9.86166456199939
"Birds","Catherpes","mexicanus","Birds_Catherpes_mexicanus",65280940940.3305,1448295957.78405,4720582964.33472,2.21855864349114,7.23118094858578
"Birds","Centrocercus","urophasianus","Birds_Centrocercus_urophasianus",115961809616.508,366687961.161588,17437508905.1156,0.316214417810694,15.0372859502472
"Birds","Cepphus","columba","Birds_Cepphus_columba",92112658560.1896,503213324.73455,21328655674.8477,0.546302031230303,23.1549669809072
"Birds","Cepphus","grylle","Birds_Cepphus_grylle",19463315736.3843,4462394163.23121,916215300.110207,22.9272043040915,4.70739576195363
"Birds","Cerorhinca","monocerata","Birds_Cerorhinca_monocerata",3666416677.44867,55928888.6858741,843032341.491089,1.52543733040166,22.9933587929707
"Birds","Certhia","americana","Birds_Certhia_americana",3368765002879.44,35841841756.6592,377188853802.981,1.06394603737641,11.196650804689
"Birds","Chaetura","pelagica","Birds_Chaetura_pelagica",1158724611020.65,10459665839.3615,106427385118.435,0.902687812089205,9.18487310152924
"Birds","Chaetura","vauxi","Birds_Chaetura_vauxi",541175180356.976,6196427038.30821,92844994707.6809,1.144994682539,17.1561812288652
"Birds","Charadrius","hiaticula","Birds_Charadrius_hiaticula",3212040.73110263,3188995.77185551,0,99.2825446133364,0
"Birds","Charadrius","melodus","Birds_Charadrius_melodus",200345436677.869,2511745592.67868,14233629111.7885,1.25370741371927,7.10454370601634
"Birds","Charadrius","montanus","Birds_Charadrius_montanus",3790317731.89,0,1369869505.0482,0,36.1412842391218
"Birds","Charadrius","semipalmatus","Birds_Charadrius_semipalmatus",3431047644441.41,497029411510.266,379782159718.808,14.4862287854118,11.0689853093147
"Birds","Charadrius","vociferus","Birds_Charadrius_vociferus",4997272495756.44,91961675936.2703,483637240843.001,1.84023736977245,9.67802418726803
"Birds","Chlidonias","niger","Birds_Chlidonias_niger",2772727336818.93,29948562512.4475,251351680402.728,1.08011206564605,9.06514236236068
"Birds","Chondestes","grammacus","Birds_Chondestes_grammacus",197100570622.75,999828547.894724,20089337429.1763,0.507268215782284,10.1924298675052
"Birds","Chordeiles","minor","Birds_Chordeiles_minor",4835966046723.88,59843287507.4452,475219233768.163,1.23746293768927,9.82676944330698
"Birds","Cinclus","mexicanus","Birds_Cinclus_mexicanus",1583093016887.25,38472401231.1222,248363886867.54,2.43020472080462,15.6885214082925
"Birds","Circus","hudsonius","Birds_Circus_hudsonius",6098192452118,197524861426.936,617411351708.964,3.23907228212079,10.1244976533092
"Birds","Cistothorus","palustris","Birds_Cistothorus_palustris",1139250307566.1,17322926330.818,68731226325.3157,1.52055489612523,6.03302240682765
"Birds","Cistothorus","platensis","Birds_Cistothorus_platensis",654616828872.636,13278975575.3355,55947245785.016,2.02851118236667,8.54656393135613
"Birds","Clangula","hyemalis","Birds_Clangula_hyemalis",3909086711034.04,522186510662.782,452013381656.119,13.3582739208323,11.5631454370208
"Birds","Coccothraustes","vespertinus","Birds_Coccothraustes_vespertinus",2607909325022.89,26008653828.1561,279596492939.862,0.99729900800626,10.7210971737833
"Birds","Coccyzus","americanus","Birds_Coccyzus_americanus",100662944877.155,1209551785.08637,2405496741.88084,1.20158593270093,2.38965464880491
"Birds","Coccyzus","erythropthalmus","Birds_Coccyzus_erythropthalmus",1173946266378.14,11174112590.8688,88594171361.6603,0.951841912265982,7.54669731477497
"Birds","Colaptes","auratus","Birds_Colaptes_auratus",5481160517592.42,155654335002.527,456399455153.413,2.8398061779606,8.32669383953537
"Birds","Colaptes","cafer","Birds_Colaptes_cafer",2227047562630.14,40038185269.122,281998494708.641,1.79781455685827,12.6624370058626
"Birds","Colinus","virginianus","Birds_Colinus_virginianus",20771545355.7786,448812444.491415,111071376.717712,2.16070801090665,0.5347285183421
"Birds","Contopus","cooperi","Birds_Contopus_cooperi",5313640122614.01,62850565091.822,545309919965.604,1.18281561493673,10.2624548780571
"Birds","Contopus","sordidulus","Birds_Contopus_sordidulus",2210735024874.8,37540514260.6074,270295356136.895,1.69810103147633,12.2264926866214
"Birds","Contopus","virens","Birds_Contopus_virens",474701365988.923,4949542039.86347,32390384329.6316,1.04266437690827,6.82331812173202
"Birds","Corvus","brachyrhynchos","Birds_Corvus_brachyrhynchos",4736096617479.73,44208020591.13,474014112970.229,0.933427338200185,10.0085397586857
"Birds","Corvus","caurinus","Birds_Corvus_caurinus",172505156845.522,530713445.616336,41383647486.2948,0.307650771328297,23.9898031125839
"Birds","Corvus","corax","Birds_Corvus_corax",8862737401986.84,598118019069.226,970226748352.842,6.74868262411949,10.9472582154509
"Birds","Coturnicops","noveboracensis","Birds_Coturnicops_noveboracensis",3052819501587.79,27747672200.909,273982269356.989,0.908919514778954,8.97472874549213
"Birds","Cyanocitta","cristata","Birds_Cyanocitta_cristata",2002090381396.44,23043055814.4948,160837703889.05,1.15094982866969,8.03348866682369
"Birds","Cyanocitta","stelleri","Birds_Cyanocitta_stelleri",613475143019.61,5293997206.49416,129652552906.818,0.862952194026374,21.1341167416581
"Birds","Cygnus","buccinator","Birds_Cygnus_buccinator",648322235246.376,5711159524.03351,96142890095.5683,0.880913720607338,14.8294913962086
"Birds","Cygnus","columbianus","Birds_Cygnus_columbianus",1041907469760.78,234249355022.687,142664027906.658,22.4827407251885,13.6925813517216
"Birds","Cypseloides","niger","Birds_Cypseloides_niger",248827006436.032,2393681504.5975,28273136060.7296,0.961986216400859,11.3625672975325
"Birds","Dendragapus","fuliginosus","Birds_Dendragapus_fuliginosus",227916370856.601,812868156.178101,49413761454.6518,0.356651939096353,21.6806547370578
"Birds","Dendragapus","obscurus","Birds_Dendragapus_obscurus",939777824781.098,17798003213.3754,147889178354.28,1.89385222166964,15.7366107663509
"Birds","Dendroica","caerulescens","Birds_Dendroica_caerulescens",617577659728.354,3435855632.67383,53054098827.4974,0.55634389919239,8.59067649092645
"Birds","Dendroica","castanea","Birds_Dendroica_castanea",2476999346287.98,15915119781.3681,218679758989.855,0.642516107451479,8.82841407760432
"Birds","Dendroica","cerulea","Birds_Dendroica_cerulea",46188752922.209,505658322.005434,1116075230.00875,1.09476504563148,2.4163354916476
"Birds","Dendroica","coronata","Birds_Dendroica_coronata",6230482216207.87,167270125796.97,603241471312.757,2.68470593434704,9.68209924014379
"Birds","Dendroica","discolor","Birds_Dendroica_discolor",7940510586.4484,173388137.259194,531772238.604622,2.18358927138898,6.69695270619204
"Birds","Dendroica","fusca","Birds_Dendroica_fusca",1302526575356.82,9194468874.63712,126914588658.735,0.705894915972702,9.74372354928477
"Birds","Dendroica","magnolia","Birds_Dendroica_magnolia",3108250062367.92,23783291029.3157,289596686820.502,0.765166590592689,9.31703308966983
"Birds","Dendroica","nigrescens","Birds_Dendroica_nigrescens",136093299987.788,549489567.687245,20848812984.4244,0.403759456003015,15.319499921227
"Birds","Dendroica","palmarum","Birds_Dendroica_palmarum",3207938990976.05,29533153040.3954,293613101506.562,0.920627017018476,9.15270216586092
"Birds","Dendroica","pensylvanica","Birds_Dendroica_pensylvanica",1581702868747.94,14791155356.9043,145967683054.998,0.935141210726437,9.2285147823336
"Birds","Dendroica","petechia","Birds_Dendroica_petechia",6987610766196.83,262643049344.445,727031943694.528,3.75869604264455,10.4045856018714
"Birds","Dendroica","pinus","Birds_Dendroica_pinus",330257639864.857,3418390733.48937,41327104927.6347,1.03506787455036,12.5135954294792
"Birds","Dendroica","striata","Birds_Dendroica_striata",5463954682907.4,205815313772.911,522830749107.26,3.76678295698081,9.56872411008099
"Birds","Dendroica","tigrina","Birds_Dendroica_tigrina",2285643336221.66,19137686465.8795,206620886085.294,0.837299773004632,9.03994436974817
"Birds","Dendroica","townsendi","Birds_Dendroica_townsendi",874833265795.895,10165253310.8958,139636394959.787,1.16196465181829,15.9614866534311
"Birds","Dendroica","virens","Birds_Dendroica_virens",2426339890240.8,15427997000.343,188639999834.279,0.635854731746255,7.77467330908687
"Birds","Dolichonyx","oryzivorus","Birds_Dolichonyx_oryzivorus",1286750131549.12,14407874694.6532,94309959828.5987,1.11971037277513,7.32931417811931
"Birds","Dryobates","pubescens","Birds_Dryobates_pubescens",4931943290986.88,56528099034.8339,520332942448.958,1.14616279425067,10.5502620721505
"Birds","Dumetella","carolinensis","Birds_Dumetella_carolinensis",1401952372992.4,18446766611.9839,132846496321.177,1.31579124707426,9.47582092518754
"Birds","Egretta","thula","Birds_Egretta_thula",11838150776.4809,13243095.4996044,2032243489.77376,0.111867940775975,17.1668998659086
"Birds","Elanoides","forficatus","Birds_Elanoides_forficatus",277334198.160834,0,1669158.24243564,0,0.601858066370758
"Birds","Empidonax","alnorum","Birds_Empidonax_alnorum",5369657314820.18,61585812951.2021,537983913990.201,1.1469225937608,10.0189617781636
"Birds","Empidonax","difficilis","Birds_Empidonax_difficilis",407669113131.919,2632164443.43102,74787675406.1579,0.645661974047876,18.3451904981472
"Birds","Empidonax","flaviventris","Birds_Empidonax_flaviventris",4775894075492.95,34819124907.8743,478440310947.823,0.729059823301888,10.0178166304587
"Birds","Empidonax","hammondii","Birds_Empidonax_hammondii",957438300725.493,16476104134.5141,152643785543.843,1.7208528342797,15.9429370465103
"Birds","Empidonax","minimus","Birds_Empidonax_minimus",4170022974309.08,42319873694.2959,420187207712.859,1.01485948530794,10.0763763245808
"Birds","Empidonax","oberholseri","Birds_Empidonax_oberholseri",538030974391.61,6666311025.52803,97117601243.1143,1.23901993431997,18.0505595152644
"Birds","Empidonax","occidentalis","Birds_Empidonax_occidentalis",241414832520.94,2187921667.68806,43448677910.0882,0.90629131807727,17.9975179885931
"Birds","Empidonax","traillii","Birds_Empidonax_traillii",1145613570283.95,10423570081.6254,143950413110.725,0.909867895423224,12.565355093956
"Birds","Empidonax","virescens","Birds_Empidonax_virescens",13660990877.8283,232688236.076186,113117532.629209,1.70330423434977,0.828033146649693
"Birds","Empidonax","wrightii","Birds_Empidonax_wrightii",4514261446.93331,84784769.0304492,857852124.834793,1.87815371411521,19.0031555531096
"Birds","Eremophila","alpestris","Birds_Eremophila_alpestris",6618560665718.1,548410511498.422,760959451527.26,8.28594824761526,11.4973555424032
"Birds","Euphagus","carolinus","Birds_Euphagus_carolinus",5999793056639.37,176161728019.594,561394627532.404,2.9361300690972,9.35689985025675
"Birds","Euphagus","cyanocephalus","Birds_Euphagus_cyanocephalus",1900349901778.59,23126436664.4258,177859057737.554,1.21695676374026,9.35927944485863
"Birds","Falcipennis","canadensis","Birds_Falcipennis_canadensis",5116567586543.61,146090946290.618,448703932538.547,2.85525293704381,8.76962778169142
"Birds","Falcipennis","franklinii","Birds_Falcipennis_franklinii",992573180974.913,18161795010.9036,146614317475.555,1.82976886329579,14.7711342887131
"Birds","Falco","columbarius","Birds_Falco_columbarius",6964908329921.07,162294818642.753,721715392370.977,2.33017881865779,10.3621664232177
"Birds","Falco","mexicanus","Birds_Falco_mexicanus",472853283730.353,8255127799.07835,37207754965.2641,1.74581166782927,7.8687737286566
"Birds","Falco","peregrinus","Birds_Falco_peregrinus",5191461970816.74,491486658043.214,548719501845.95,9.46721098615485,10.5696527284707
"Birds","Falco","sparverius","Birds_Falco_sparverius",4966934017953.33,116698920866.411,481356056317.794,2.34951622962164,9.69121100819739
"Birds","Fratercula","arctica","Birds_Fratercula_arctica",43133311657.1821,981045729.540058,2817070724.46905,2.27445028412676,6.53107915028356
"Birds","Fratercula","cirrhata","Birds_Fratercula_cirrhata",611933001.239402,5592048.735994,280989989.329177,0.913833495606207,45.9184238732121
"Birds","Fratercula","corniculata","Birds_Fratercula_corniculata",1149359110.92283,21450819.7374186,396004167.872283,1.86632876822941,34.4543462620944
"Birds","Fulica","americana","Birds_Fulica_americana",3250285233921,28828938107.0912,377365277798.433,0.886966405477998,11.6102203542056
"Birds","Fulmarus","glacialis","Birds_Fulmarus_glacialis",20303583054.1625,3244343273.46648,1753723859.94799,15.9791661639808,8.63750922814804
"Birds","Gallinago","delicata","Birds_Gallinago_delicata",7206122243593.2,202880985468.303,718671250865.034,2.81539749965635,9.97306493799753
"Birds","Gallinula","galeata","Birds_Gallinula_galeata",253134096195.386,1527179020.62337,17783550897.428,0.603308303218302,7.02534789454101
"Birds","Gavia","adamsii","Birds_Gavia_adamsii",1404846428040.59,256398638751.767,192354023429.736,18.251008340419,13.6921744320496
"Birds","Gavia","immer","Birds_Gavia_immer",7220048618754.77,215188332620.73,761044076086.837,2.98042775033062,10.5407056970496
"Birds","Gavia","pacifica","Birds_Gavia_pacifica",3563117963383.19,496930101945.37,393932752125.432,13.9464959356421,11.0558436788714
"Birds","Gavia","stellata","Birds_Gavia_stellata",4051923294290.8,547278351025.967,491804895959.159,13.506631574124,12.137566785929
"Birds","Geothlypis","trichas","Birds_Geothlypis_trichas",4688353336166.79,56170197329.8482,484524433222.105,1.19807943860676,10.3346398720505
"Birds","Glaucidium","californicum","Birds_Glaucidium_californicum",679790322404.483,4359555861.37486,109307571502.571,0.641308903303404,16.0796010034299
"Birds","Grus","americana","Birds_Grus_americana",4203979947.43105,0,4154632805.21729,0,98.8261803616852
"Birds","Haematopus","ater","Birds_Haematopus_ater",69276384861.9655,412528697.509772,12585678848.0228,0.595482426416655,18.1673435660652
"Birds","Haliaeetus","leucocephalus","Birds_Haliaeetus_leucocephalus",5891380195686.35,195639318920.659,607642174730.03,3.32077225407902,10.3140886268882
"Birds","Hirundo","rustica","Birds_Hirundo_rustica",4229918480769.21,60519284010.6974,448262070035.487,1.43074350689832,10.5974162876532
"Birds","Histrionicus","histrionicus","Birds_Histrionicus_histrionicus",1779409637549.71,54984400255.775,268169588476.89,3.09003610497974,15.0707056328057
"Birds","Hydrobates","castro","Birds_Hydrobates_castro",30185695.0069896,0,0,0,0
"Birds","Hydrobates","furcatus","Birds_Hydrobates_furcatus",10221369279.989,90679072.325667,2360049737.28843,0.887151905402682,23.0893696591986
"Birds","Hydrobates","leucorhous","Birds_Hydrobates_leucorhous",149790147563.446,238255753.867653,15100151818.8561,0.159059696344004,10.0808711817713
"Birds","Hydrocoloeus","minutus","Birds_Hydrocoloeus_minutus",1367660452.29126,81892410.0048181,235026581.031445,5.98777349068057,17.1845709684521
"Birds","Hydroprogne","caspia","Birds_Hydroprogne_caspia",136393780725.612,5699495264.34078,9380719932.6866,4.17870612136387,6.87767424788823
"Birds","Hylatomus","pileatus","Birds_Hylatomus_pileatus",2703234609692.63,20413383786.5098,259903990052.713,0.755146583034867,9.61455543373151
"Birds","Hylocichla","mustelina","Birds_Hylocichla_mustelina",547160888650.109,3672534606.65223,43225700118.058,0.671198304343842,7.89999815679432
"Birds","Icteria","virens","Birds_Icteria_virens",197935192084.199,5096874563.40969,17471902900.7958,2.57502190981862,8.82708260053299
"Birds","Icterus","bullockii","Birds_Icterus_bullockii",75650816312.9367,696361090.879989,6291502435.91004,0.920493822564222,8.31650303664226
"Birds","Icterus","galbula","Birds_Icterus_galbula",1349491083659.18,19766587572.5567,98887401125.9411,1.46474384395034,7.32775505695118
"Birds","Icterus","spurius","Birds_Icterus_spurius",70721437944.2118,959448679.498145,1709222402.94299,1.35665889635191,2.41683774061735
"Birds","Ixobrychus","exilis","Birds_Ixobrychus_exilis",68320390152.2191,657396396.042639,966703753.464,0.962225763901447,1.41495643000599
"Birds","Junco","hyemalis","Birds_Junco_hyemalis",6759537019280.46,199849349239.113,662580276390.691,2.95655380936706,9.80215471119975
"Birds","Lagopus","lagopus","Birds_Lagopus_lagopus",6918567121264.91,510277009218.591,712026219611.995,7.37547241032328,10.2915272357987
"Birds","Lagopus","leucura","Birds_Lagopus_leucura",1312307252623.06,23180214198.4596,227184286278.66,1.76637095863996,17.311821284578
"Birds","Lagopus","muta","Birds_Lagopus_muta",6057878100231.34,580493355556.413,711534256078.29,9.58245355802463,11.7456020789048
"Birds","Lanius","excubitor","Birds_Lanius_excubitor",4139394145612.19,161138100242.072,456151402671.205,3.89279432143182,11.0197624730839
"Birds","Lanius","ludovicianus","Birds_Lanius_ludovicianus",705987420985.856,10079864400.8671,43505937702.7995,1.42776827196034,6.16242391996828
"Birds","Larus","atricilla","Birds_Larus_atricilla",1936845130.9468,133940845.358382,209758417.058883,6.91541327792726,10.8299013538757
"Birds","Larus","californicus","Birds_Larus_californicus",1329371960477.7,17310019474.0009,121494525507.634,1.30212009795819,9.13924237306585
"Birds","Larus","canus","Birds_Larus_canus",2211902434186.43,168761460127.75,199659685524.62,7.62969729222359,9.02660453909477
"Birds","Larus","delawarensis","Birds_Larus_delawarensis",3383305524142.65,32455478525.697,333420641201.506,0.959283112154685,9.85487827872114
"Birds","Larus","fuscus","Birds_Larus_fuscus",1638850386.29417,0,6911583.10099869,0,0.42173362247102
"Birds","Larus","glaucescens","Birds_Larus_glaucescens",179193430246.718,670116456.146787,43468779760.2658,0.373962625317321,24.2580208997713
"Birds","Larus","glaucoides","Birds_Larus_glaucoides",1070285935680.58,205783955338.891,88852997758.2515,19.2270073331419,8.30179999532101
"Birds","Larus","heermanni","Birds_Larus_heermanni",1138719174.63541,9019663.86515336,134674155.847463,0.7920885206874,11.8268102309406
"Birds","Larus","hyperboreus","Birds_Larus_hyperboreus",32953165789.0782,5550607823.326,3419315612.6747,16.8439289228037,10.3762886836444
"Birds","Larus","marinus","Birds_Larus_marinus",408172803192.578,2363651476.95657,32268213608.9169,0.579081079990865,7.90552759922433
"Birds","Larus","occidentalis","Birds_Larus_occidentalis",7630261701.17724,115772483.777419,589839123.503702,1.51728064267517,7.73026072503775
"Birds","Larus","philadelphia","Birds_Larus_philadelphia",3768645339689.98,142856470011.162,319598827347.84,3.79065837017483,8.48046973223889
"Birds","Larus","pipixcan","Birds_Larus_pipixcan",1104719048883.38,16865027519.3979,88618486157.5351,1.52663498800393,8.02181208399621
"Birds","Larus","ridibundus","Birds_Larus_ridibundus",73301489311.2219,79388840.7235907,7891870565.04212,0.108304539879842,10.7663168091101
"Birds","Larus","smithsonianus","Birds_Larus_smithsonianus",6518654221285.7,310317835893.918,643907537018.424,4.76045860632737,9.87792134940735
"Birds","Larus","thayeri","Birds_Larus_thayeri",1306569967741.39,170892885151.216,165163979368.806,13.079505068269,12.6410359526568
"Birds","Leuconotopicus","albolarvatus","Birds_Leuconotopicus_albolarvatus",20661257632.6675,525730245.590387,2536073978.63163,2.54452199830835,12.2745382866813
"Birds","Leuconotopicus","villosus","Birds_Leuconotopicus_villosus",5264080406360.84,97730894809.1844,539554556402.065,1.85656158844176,10.2497400258191
"Birds","Leucosticte","tephrocotis","Birds_Leucosticte_tephrocotis",1222362386885.06,42880699943.4016,149353911582.908,3.50801860425976,12.2184642774804
"Birds","Limnodromus","griseus","Birds_Limnodromus_griseus",2209777309616.65,29523852360.8309,254068698919.87,1.33605554878074,11.4974797602545
"Birds","Limnodromus","scolopaceus","Birds_Limnodromus_scolopaceus",95151200027.3258,46594613998.0123,16519728760.2441,48.9690240213798,17.361555876857
"Birds","Limosa","fedoa","Birds_Limosa_fedoa",663174475705.117,13571925404.017,48490983806.1601,2.04650901100901,7.31194965768281
"Birds","Limosa","haemastica","Birds_Limosa_haemastica",299614714459.557,51701479423.8075,34214056400.1047,17.2559880835847,11.4193511696579
"Birds","Lophodytes","cucullatus","Birds_Lophodytes_cucullatus",2042618896985.47,14454538774.2127,241553728231.449,0.707647363663626,11.8256875322136
"Birds","Loxia","curvirostra","Birds_Loxia_curvirostra",4200207058219.02,48474823698.9186,487937296566.235,1.15410557210656,11.6169819678635
"Birds","Loxia","leucoptera","Birds_Loxia_leucoptera",7119119083041.32,219410760852.123,207776325700.946,3.08199312713827,2.91856791939183
"Birds","Mareca","americana","Birds_Mareca_americana",5718362093150.69,183546326591.543,579518231467.78,3.20977097290482,10.1343395543614
"Birds","Mareca","penelope","Birds_Mareca_penelope",39846736426.4392,94032813.1976639,4566961539.0331,0.235986235337635,11.4613189149484
"Birds","Mareca","strepera","Birds_Mareca_strepera",1321243139435.95,20365289351.3323,112488357777.393,1.54137332815415,8.51382719954291
"Birds","Megaceryle","alcyon","Birds_Megaceryle_alcyon",6160109633287.66,101632748125.191,597724369536.26,1.64985291131822,9.70314499447071
"Birds","Megascops","asio","Birds_Megascops_asio",183769865368.818,1311062934.4528,4741901498.1094,0.713426508650672,2.58034770205257
"Birds","Megascops","kennicottii","Birds_Megascops_kennicottii",272318708775.305,2215403233.08848,62124111157.5747,0.813533246779767,22.8130162033173
"Birds","Melanerpes","carolinus","Birds_Melanerpes_carolinus",10716952440.0433,223568329.612488,92567846.5446948,2.08611851982413,0.863751584814541
"Birds","Melanerpes","erythrocephalus","Birds_Melanerpes_erythrocephalus",523027788719.401,8078482753.76019,52836415207.7447,1.54456090632198,10.1020282951143
"Birds","Melanerpes","lewis","Birds_Melanerpes_lewis",339581977138.043,2932858805.35199,68982666413.5025,0.863667391912191,20.3139951639602
"Birds","Melanitta","americana","Birds_Melanitta_americana",1094297600184.2,37041321697.5889,113011663985.963,3.38494041212866,10.3273244834806
"Birds","Melanitta","deglandi","Birds_Melanitta_deglandi",4176655232568.2,208201871461.177,410629363959.888,4.98489484690252,9.8315360281101
"Birds","Melanitta","perspicillata","Birds_Melanitta_perspicillata",3454757841527.09,153135645573.39,347460103584.166,4.43260143251315,10.0574372943772
"Birds","Meleagris","gallopavo","Birds_Meleagris_gallopavo",178434284090.213,1059381949.28263,10221155968.4327,0.593709866175175,5.72824668787589
"Birds","Melospiza","georgiana","Birds_Melospiza_georgiana",4381577811381.68,93510998081.3031,379869089865.757,2.13418549451289,8.66968718161302
"Birds","Melospiza","lincolnii","Birds_Melospiza_lincolnii",5700815312564.67,86457847066.4679,616764353983.935,1.51658740594374,10.8188797596122
"Birds","Melospiza","melodia","Birds_Melospiza_melodia",4524613689741.48,40197199428.8056,466971779777.853,0.888411744851134,10.3206994408518
"Birds","Mergus","merganser","Birds_Mergus_merganser",5328068399953.4,63722399939.5723,550337741981.552,1.19597563612602,10.3290292216663
"Birds","Mergus","serrator","Birds_Mergus_serrator",6452262233855.35,372285203256.295,682614907821.385,5.76983993773371,10.5794662876482
"Birds","Mimus","polyglottos","Birds_Mimus_polyglottos",631005724526.811,5628399833.19496,50114239849.5315,0.891972864020478,7.9419627907674
"Birds","Mniotilta","varia","Birds_Mniotilta_varia",3056754757432.59,28966738004.6,264050244063.898,0.947630421909591,8.63825412954218
"Birds","Molothrus","ater","Birds_Molothrus_ater",2541344193249.28,25427462660.8668,264643093199.069,1.00055170521219,10.4135084850787
"Birds","Morus","bassanus","Birds_Morus_bassanus",6901842129.03088,25301732.7206473,242718151.687349,0.366593907070431,3.51671549638053
"Birds","Motacilla","flava","Birds_Motacilla_flava",2270943000.51125,0,2246026573.25364,0,98.9028158235588
"Birds","Myadestes","townsendi","Birds_Myadestes_townsendi",1426874188495.89,40019908400.5233,215098479457.414,2.80472579314855,15.0748034544066
"Birds","Myiarchus","crinitus","Birds_Myiarchus_crinitus",977860062304.842,14415900361.3604,88519731209.3003,1.47422938282005,9.05239252748057
"Birds","Nucifraga","columbiana","Birds_Nucifraga_columbiana",411149898304.204,5627902442.47914,73303026553.7132,1.36882009838541,17.8287838221663
"Birds","Numenius","americanus","Birds_Numenius_americanus",355222232606.587,6070988925.8464,33231069472.6165,1.70906783657601,9.35500833626604
"Birds","Numenius","phaeopus","Birds_Numenius_phaeopus",723612758323.753,96502203976.7541,105635966469.135,13.3361667365154,14.5984112709456
"Birds","Nycticorax","nycticorax","Birds_Nycticorax_nycticorax",1335819592341.78,20338704819.7388,128599756566.148,1.52256374560906,9.6270302744028
"Birds","Oceanites","oceanicus","Birds_Oceanites_oceanicus",6071612731.38021,25268619.8746227,215754231.744114,0.416176409671613,3.55349132577282
"Birds","Oenanthe","oenanthe","Birds_Oenanthe_oenanthe",1060185467807.03,138554816513.215,138606499838.005,13.0689224405058,13.0737973728982
"Birds","Oporornis","agilis","Birds_Oporornis_agilis",1020049147303,11129028188.2525,98011809419.3138,1.09102862520669,9.60853794922095
"Birds","Oporornis","philadelphia","Birds_Oporornis_philadelphia",2048509957047.32,15378681012.9021,201033345753.258,0.750725226401566,9.81363771563126
"Birds","Oporornis","tolmiei","Birds_Oporornis_tolmiei",885075913570.246,6389980783.45359,167610019467.45,0.721969797785762,18.9373608407599
"Birds","Oreoscoptes","montanus","Birds_Oreoscoptes_montanus",120056997057.269,1204280516.45616,16778679394.0056,1.0030906535849,13.9755947635455
"Birds","Oxyura","jamaicensis","Birds_Oxyura_jamaicensis",1875776720526.73,22139565091.923,171232885741.798,1.18028786953417,9.12863902552934
"Birds","Pagophila","eburnea","Birds_Pagophila_eburnea",298721057372.588,24522992488.5144,11926055313.4724,8.2093283627901,3.99237181950562
"Birds","Pandion","haliaetus","Birds_Pandion_haliaetus",6154335711892.55,152356180985.341,601913112654.936,2.47559099986908,9.78031002585392
"Birds","Parkesia","motacilla","Birds_Parkesia_motacilla",40852393378.5192,448832078.334604,246343502.434099,1.09866776757958,0.603008739663293
"Birds","Parkesia","noveboracensis","Birds_Parkesia_noveboracensis",5788949420793.22,103058616683.146,602580640138.037,1.78026459020305,10.4091536535738
"Birds","Parula","americana","Birds_Parula_americana",791159021575.171,5208270313.85434,79149914486.2861,0.658308907795154,10.0042990508661
"Birds","Parus","atricapillus","Birds_Parus_atricapillus",4322780202797.07,41433807935.9972,475509112682.506,0.958499067548873,11.0000761170977
"Birds","Parus","cinctus","Birds_Parus_cinctus",126295403986.606,37021787288.3639,12211934276.1579,29.3136457224446,9.66934178970831
"Birds","Parus","gambeli","Birds_Parus_gambeli",651383032748.648,8384639567.59732,106821216111.368,1.28720570632866,16.3991400974344
"Birds","Parus","hudsonicus","Birds_Parus_hudsonicus",5933166093889.26,165556303671.403,592580300224.982,2.79035343106127,9.98758994519465
"Birds","Parus","rufescens","Birds_Parus_rufescens",353091057632.358,1004638204.17413,83084502878.0326,0.284526663153323,23.5306165596924
"Birds","Passerculus","sandwichensis","Birds_Passerculus_sandwichensis",7986172605060.8,339645863415.645,852020149182.472,4.25292415042986,10.668691891815
"Birds","Passerella","iliaca","Birds_Passerella_iliaca",4730834023061.54,197208467003.841,523076772467.262,4.16857716932158,11.0567559529124
"Birds","Passerina","amoena","Birds_Passerina_amoena",218396290691.326,2869975906.71867,30918320730.9738,1.31411385130849,14.1569807037944
"Birds","Passerina","cyanea","Birds_Passerina_cyanea",527069190735.621,6673208702.17035,39958509160.1801,1.26609728276029,7.58126444545369
"Birds","Patagioenas","fasciata","Birds_Patagioenas_fasciata",101176420381.779,427805467.074757,14934890464.5272,0.422831194719555,14.7612362724159
"Birds","Pelecanus","erythrorhynchos","Birds_Pelecanus_erythrorhynchos",657679602106.645,9086798321.23057,77689359034.7257,1.3816451494199,11.8126453649885
"Birds","Perisoreus","canadensis","Birds_Perisoreus_canadensis",5849715221840.01,141239723643.676,555659439917.473,2.41447178687186,9.49891437181265
"Birds","Petrochelidon","pyrrhonota","Birds_Petrochelidon_pyrrhonota",4059353369069.45,65291616560.7168,412643123995.245,1.60842406719778,10.1652427487444
"Birds","Phalacrocorax","auritus","Birds_Phalacrocorax_auritus",1583597454187.13,21771221157.5761,136413244436.44,1.3747951602228,8.61413638142415
"Birds","Phalacrocorax","carbo","Birds_Phalacrocorax_carbo",259694603072.939,316199456.946622,19307196614.1899,0.121758193356761,7.4345775328905
"Birds","Phalacrocorax","pelagicus","Birds_Phalacrocorax_pelagicus",20368143731.0023,189646594.053709,3805928553.45397,0.931094146616061,18.685691753348
"Birds","Phalacrocorax","penicillatus","Birds_Phalacrocorax_penicillatus",4348732582.45281,87848648.4516695,863337039.728302,2.02009773620342,19.8526127638172
"Birds","Phalaenoptilus","nuttallii","Birds_Phalaenoptilus_nuttallii",90688105184.422,980834324.098788,15265236875.4774,1.0815468270113,16.8326781604205
"Birds","Phalaropus","fulicarius","Birds_Phalaropus_fulicarius",1801262860734.99,333796577314.402,168834707441.403,18.5312529664992,9.37312988136064
"Birds","Phalaropus","lobatus","Birds_Phalaropus_lobatus",4121377990558.17,525130361073.382,448570928170.824,12.7416209402881,10.8840035832305
"Birds","Pheucticus","ludovicianus","Birds_Pheucticus_ludovicianus",1670036771677.6,19671495170.8703,148711674717.045,1.17790790624986,8.90469462942785
"Birds","Pheucticus","melanocephalus","Birds_Pheucticus_melanocephalus",295504531148.223,5587586690.50827,39806027502.762,1.89086328686635,13.4705303326789
"Birds","Phoebastria","albatrus","Birds_Phoebastria_albatrus",1122837.93204704,0,1122837.93204548,0,99.9999999998609
"Birds","Phoebastria","immutabilis","Birds_Phoebastria_immutabilis",1163698.18703416,0,1122837.93204548,0,96.4887583873603
"Birds","Phoebastria","nigripes","Birds_Phoebastria_nigripes",10725257.503793,194228.962710747,8930057.20185342,1.81094917900161,83.261937521736
"Birds","Pica","pica","Birds_Pica_pica",2452842854258.88,32318291040.6743,288983407931.805,1.31758506194394,11.7815704104339
"Birds","Picoides","arcticus","Birds_Picoides_arcticus",4857092718593.29,61277689217.2566,477007511531.133,1.26161250705965,9.82084426152944
"Birds","Picoides","tridactylus","Birds_Picoides_tridactylus",5844822442197.7,197428518112.87,588920083828.242,3.37783602607842,10.0759277061427
"Birds","Pinicola","enucleator","Birds_Pinicola_enucleator",6636972062930.01,165341684663.772,668657490825.432,2.49122164589584,10.0747371615459
"Birds","Pipilo","erythrophthalmus","Birds_Pipilo_erythrophthalmus",833956488033.169,13772209050.4033,73669248569.9949,1.65143017028192,8.83370411131867
"Birds","Pipilo","maculatus","Birds_Pipilo_maculatus",569646607517.634,10848260568.2613,50423722008.6224,1.90438430161729,8.85175499040631
"Birds","Piranga","ludoviciana","Birds_Piranga_ludoviciana",1645604802971.38,12255862424.0832,215415735209.354,0.744763408684357,13.090368648681
"Birds","Piranga","olivacea","Birds_Piranga_olivacea",292768760652.924,2906154123.61145,20686893377.7991,0.992644883672093,7.06594970435499
"Birds","Plectrophenax","nivalis","Birds_Plectrophenax_nivalis",6445510363060.49,450935389934.058,758331099201.079,6.99611612632552,11.7652607239158
"Birds","Plegadis","chihi","Birds_Plegadis_chihi",10850331855.3425,685659696.15896,975491471.999085,6.31925092522728,8.99042983204955
"Birds","Pluvialis","dominica","Birds_Pluvialis_dominica",2782589028015.15,478036330954.159,279832594989.465,17.1795520697193,10.0565549627382
"Birds","Pluvialis","squatarola","Birds_Pluvialis_squatarola",1262075506831.33,229007075297.564,168198486289.353,18.1452753070637,13.3271333909051
"Birds","Podiceps","nigricollis","Birds_Podiceps_nigricollis",1116596181445.12,17525141299.9169,97069369682.3431,1.56951470828383,8.69332810691809
"Birds","Podilymbus","podiceps","Birds_Podilymbus_podiceps",3136953974884.58,32492760037.5025,288157592487.28,1.03580608123835,9.18590437712374
"Birds","Polioptila","caerulea","Birds_Polioptila_caerulea",116940851805.862,965589110.557458,2318087532.81753,0.825707266234445,1.98227351436252
"Birds","Pooecetes","gramineus","Birds_Pooecetes_gramineus",2157024662115.38,25151010433.73,231979414753.574,1.16600476922988,10.7546018748841
"Birds","Porzana","carolina","Birds_Porzana_carolina",4927808880196.74,73808744572.922,511898968829.561,1.49780047009403,10.3879631145339
"Birds","Progne","subis","Birds_Progne_subis",800686680282.796,14700245472.7161,61086617269.7086,1.83595479164511,7.6292785647606
"Birds","Protonotaria","citrea","Birds_Protonotaria_citrea",28771032662.1174,431482649.096223,116700312.927177,1.49971206860556,0.405617394056333
"Birds","Psaltriparus","minimus","Birds_Psaltriparus_minimus",26802617196.2795,195584506.354908,4365242136.65008,0.729721672039015,16.2866264316009
"Birds","Psiloscops","flammeolus","Birds_Psiloscops_flammeolus",35406707353.3808,851650780.717929,1963975688.51362,2.4053374187493,5.54690293257696
"Birds","Ptychoramphus","aleuticus","Birds_Ptychoramphus_aleuticus",3886367578.35779,58450982.4852677,873953989.037959,1.50400036298076,22.4876821715164
"Birds","Puffinus","puffinus","Birds_Puffinus_puffinus",12144856551.7127,25620697.36884,295333113.438892,0.210959242373488,2.43175464593894
"Birds","Quiscalus","quiscula","Birds_Quiscalus_quiscula",2928270669891.48,28431179250.8834,257448355358.077,0.97092046658163,8.79182235457823
"Birds","Rallus","elegans","Birds_Rallus_elegans",24819460692.8567,448818364.379853,115667399.294433,1.80833246110391,0.466035103364366
"Birds","Rallus","limicola","Birds_Rallus_limicola",1508817404131.58,18912286880.4381,15817225684.8034,1.2534510026628,1.04831940839834
"Birds","Recurvirostra","americana","Birds_Recurvirostra_americana",350735722502.778,4493488481.05813,22869166826.1404,1.28116076942306,6.52034148758807
"Birds","Regulus","calendula","Birds_Regulus_calendula",6334239287781.05,115661472698.586,632783194054.862,1.82597258240151,9.98988458291308
"Birds","Regulus","satrapa","Birds_Regulus_satrapa",3791344479284.76,33660578249.0961,432761870665.133,0.887826955134558,11.4144698016671
"Birds","Rhodostethia","rosea","Birds_Rhodostethia_rosea",18980689467.6442,2778185632.23509,2421384854.50836,14.636905771895,12.7570964091479
"Birds","Rhynchophanes","mccownii","Birds_Rhynchophanes_mccownii",212690001449.373,2966978491.64594,19984096554.8719,1.39497788867719,9.39587964581813
"Birds","Riparia","riparia","Birds_Riparia_riparia",5403554900008.02,110102867776.818,474002416692.781,2.03760061319364,8.77204776233655
"Birds","Rissa","brevirostris","Birds_Rissa_brevirostris",141285855.783853,23534.8929442653,108189487.636418,0.0166576426307459,76.5748892811553
"Birds","Rissa","tridactyla","Birds_Rissa_tridactyla",154448953722.152,9410686454.22303,46005596209.5497,6.09307232417546,29.7869264250971
"Birds","Salpinctes","obsoletus","Birds_Salpinctes_obsoletus",338309792737.041,4081708954.00044,70071811046.0068,1.20650038563118,20.712321236433
"Birds","Sayornis","phoebe","Birds_Sayornis_phoebe",2608001522839.79,70069247964.029,223364086141.172,2.6867027243041,8.56456885416064
"Birds","Sayornis","saya","Birds_Sayornis_saya",2244865269682.41,128503046146.067,236061962375.318,5.72430995666152,10.5156405403659
"Birds","Scolopax","minor","Birds_Scolopax_minor",987395757047.623,5859723452.44957,77011178369.221,0.593452363008984,7.79942366771854
"Birds","Seiurus","aurocapilla","Birds_Seiurus_aurocapilla",2520779383561.36,20482402391.0236,225949485788.272,0.812542443206041,8.96347721905954
"Birds","Selasphorus","calliope","Birds_Selasphorus_calliope",297268322397.567,3388834764.18393,59139226869.9855,1.13999188909597,19.8942243132427
"Birds","Selasphorus","rufus","Birds_Selasphorus_rufus",720620410669.366,8356314078.18728,144966641477.3,1.15959997170012,20.1169213820414
"Birds","Setophaga","ruticilla","Birds_Setophaga_ruticilla",3415443794101.92,43245487812.5735,375362692732.764,1.26617477609362,10.9901586839453
"Birds","Sialia","currucoides","Birds_Sialia_currucoides",1791124207357.9,37425862641.6197,185536367187.384,2.0895179958975,10.3586544375429
"Birds","Sialia","mexicana","Birds_Sialia_mexicana",38758691590.3065,287449640.462133,2305461214.87135,0.741639174770346,5.94824314308882
"Birds","Sialia","sialis","Birds_Sialia_sialis",756192174546.523,7357816028.99897,50253460546.4949,0.973008750508604,6.64559383686179
"Birds","Sitta","canadensis","Birds_Sitta_canadensis",4458724511085.15,39250839907.9326,515653433249.613,0.880315431248293,11.5650435896546
"Birds","Sitta","carolinensis","Birds_Sitta_carolinensis",1250074619807.83,14160743499.9013,125139736673.194,1.13279185702356,10.0105813437306
"Birds","Sitta","pygmaea","Birds_Sitta_pygmaea",59080938331.1311,1084559588.02476,6099981100.25711,1.83571828522107,10.3247871014988
"Birds","Somateria","mollissima","Birds_Somateria_mollissima",20169591890.3721,4897456978.75136,1304749685.48481,24.2813885643821,6.46889482234703
"Birds","Somateria","spectabilis","Birds_Somateria_spectabilis",1790828247908.99,318904382173.529,202062424823.343,17.8076475254335,11.2831827987567
"Birds","Spatula","clypeata","Birds_Spatula_clypeata",3916736909128.37,121521926527.228,422083676618.449,3.10263184244028,10.7764112426019
"Birds","Spatula","cyanoptera","Birds_Spatula_cyanoptera",274637116834.953,4740712719.89853,25700837624.6694,1.7261733499582,9.35810786278924
"Birds","Spatula","discors","Birds_Spatula_discors",3750448400470.8,65158799471.2207,402626419445.68,1.73736024372556,10.7354208471482
"Birds","Sphyrapicus","nuchalis","Birds_Sphyrapicus_nuchalis",345125097749.658,5073502602.45143,63221244747.3,1.47004742208913,18.3183562017152
"Birds","Sphyrapicus","ruber","Birds_Sphyrapicus_ruber",514871555559.247,1740318506.002,87453948293.6262,0.338010225504047,16.9855855017345
"Birds","Sphyrapicus","thyroideus","Birds_Sphyrapicus_thyroideus",10567813692.0991,96638539.8194606,891172220.310034,0.914461047810783,8.43289110004192
"Birds","Sphyrapicus","varius","Birds_Sphyrapicus_varius",3585644546786.71,46178837295.1386,305275068586.766,1.2878810683151,8.51381291713201
"Birds","Spiza","americana","Birds_Spiza_americana",129463581549.729,2360806769.162,7016838116.20944,1.82352962964737,5.4199320242922
"Birds","Spizella","arborea","Birds_Spizella_arborea",4699420021175.1,281860006840.217,459609452993.806,5.99776154440728,9.78013139755233
"Birds","Spizella","breweri","Birds_Spizella_breweri",817227071097.054,12566203666.1542,122143171432.637,1.53766365684451,14.9460505840403
"Birds","Spizella","pallida","Birds_Spizella_pallida",2217889935261.42,25210237968.7695,240967022606.895,1.13667669292156,10.8646970607445
"Birds","Spizella","passerina","Birds_Spizella_passerina",5226555816001.39,96665666593.6367,536798464383.866,1.84950988751884,10.2705966085817
"Birds","Spizella","pusilla","Birds_Spizella_pusilla",160938413625.468,1673839336.68278,12685429060.9484,1.04004960591826,7.88216360232658
"Birds","Steganopus","tricolor","Birds_Steganopus_tricolor",1728652696915.64,21967467646.7515,169326294538.087,1.27078549010724,9.79527552528095
"Birds","Stelgidopteryx","serripennis","Birds_Stelgidopteryx_serripennis",1240612225926.67,14327114247.5814,141810865904.64,1.15484225837608,11.4307164592639
"Birds","Stercorarius","longicaudus","Birds_Stercorarius_longicaudus",2517420863016.76,427759682704.96,301356771838.068,16.9919813166382,11.9708538316051
"Birds","Stercorarius","parasiticus","Birds_Stercorarius_parasiticus",2430019875938.64,441050760026.089,310966877973.549,18.1500885813012,12.7968861922758
"Birds","Stercorarius","pomarinus","Birds_Stercorarius_pomarinus",808282818524.793,170977830812.214,114616857156.844,21.1532185138201,14.1802911716016
"Birds","Sterna","forsteri","Birds_Sterna_forsteri",740033923831.924,11393559560.1476,49737509686.0547,1.53959963094007,6.72097698285397
"Birds","Sterna","hirundo","Birds_Sterna_hirundo",3471587446921.42,27594904062.3215,295796351862.235,0.794878552945354,8.52049260993111
"Birds","Sterna","paradisaea","Birds_Sterna_paradisaea",4767190932149.63,579711016925.369,559645551052.358,12.1604321114104,11.7395245757443
"Birds","Strix","nebulosa","Birds_Strix_nebulosa",4171216626521.67,100315942696.671,453951481943.586,2.40495643546386,10.8829514884757
"Birds","Strix","occidentalis","Birds_Strix_occidentalis",50089364617.1385,1037945391.91095,7485663457.05155,2.07218717954312,14.9446165154394
"Birds","Strix","varia","Birds_Strix_varia",2521036874148.76,20492833486.4832,244725050284.645,0.812873214851435,9.7073173658865
"Birds","Sturnella","magna","Birds_Sturnella_magna",595020037357.689,4102322097.7324,39967040540.6157,0.689442680947287,6.71692347002257
"Birds","Sturnella","neglecta","Birds_Sturnella_neglecta",1266931408088.18,20066932013.6001,109842372680.779,1.58390042945431,8.66995418848546
"Birds","Surnia","ulula","Birds_Surnia_ulula",6035153221147.34,177326448766.275,577796886572.04,2.93822612729894,9.57385612924331
"Birds","Synthliboramphus","antiquus","Birds_Synthliboramphus_antiquus",4340870069.44732,73628843.0710815,978754741.49604,1.69617707724792,22.5474323312482
"Birds","Synthliboramphus","hypoleucus","Birds_Synthliboramphus_hypoleucus",1184367935.90941,9315451.14697803,139819622.082772,0.786533547940507,11.8054210894702
"Birds","Synthliboramphus","scrippsi","Birds_Synthliboramphus_scrippsi",1184367935.90941,9315451.14697803,139819622.082772,0.786533547940507,11.8054210894702
"Birds","Tachycineta","bicolor","Birds_Tachycineta_bicolor",6268497411699.6,169030672170.685,614896539947.605,2.69651020123585,9.80931313459513
"Birds","Tachycineta","thalassina","Birds_Tachycineta_thalassina",1283106004308.83,27908581876.4561,201723527527.943,2.17507998425193,15.7215013296275
"Birds","Thryomanes","bewickii","Birds_Thryomanes_bewickii",29443314848.9274,266660848.176571,3958670741.86472,0.90567536143535,13.4450579432938
"Birds","Thryothorus","ludovicianus","Birds_Thryothorus_ludovicianus",33875021689.8408,523319981.405385,182163321.478484,1.54485504451302,0.53775115820255
"Birds","Toxostoma","rufum","Birds_Toxostoma_rufum",960973840935.577,17164685370.7157,81784112757.5582,1.78617613087206,8.51054516509372
"Birds","Tringa","flavipes","Birds_Tringa_flavipes",3725795968227.54,202539302673.894,374894359349.69,5.43613510780215,10.0621280002093
"Birds","Tringa","incana","Birds_Tringa_incana",404294238273.731,28890731901.738,71531677775.6837,7.14596676546681,17.6929748198025
"Birds","Tringa","melanoleuca","Birds_Tringa_melanoleuca",3859059488742.89,24826731198.603,416885754215.334,0.643336317333901,10.8027812328733
"Birds","Tringa","semipalmata","Birds_Tringa_semipalmata",628432495142.321,11610790245.2819,42253038378.7124,1.84757954673435,6.72356039913935
"Birds","Tringa","solitaria","Birds_Tringa_solitaria",4613299840632.65,100159934079.302,436267641767.885,2.17111259920982,9.45673719113946
"Birds","Troglodytes","aedon","Birds_Troglodytes_aedon",1216716506263.22,20736389030.5626,82377160526.7412,1.7042909275759,6.77044817775488
"Birds","Troglodytes","troglodytes","Birds_Troglodytes_troglodytes",3619092696198.57,24725237055.9241,405292952194.427,0.683188830225185,11.1987447190877
"Birds","Turdus","migratorius","Birds_Turdus_migratorius",7461342155418.88,262038921917.787,757036802254.754,3.51195423637661,10.1461209858195
"Birds","Tympanuchus","phasianellus","Birds_Tympanuchus_phasianellus",4295418547589.39,136305717957.653,418982320732.922,3.17328140313935,9.75416751804215
"Birds","Tyrannus","tyrannus","Birds_Tyrannus_tyrannus",3375849149982.44,38378390797.7513,352369443308.809,1.13685147329379,10.4379499098958
"Birds","Tyrannus","verticalis","Birds_Tyrannus_verticalis",529507353437.004,8130334077.81059,72985202829.8981,1.5354525343297,13.7836051484753
"Birds","Tyto","alba","Birds_Tyto_alba",64695380598.8651,695283080.106379,6015486668.39297,1.07470282061928,9.29817030630237
"Birds","Uria","aalge","Birds_Uria_aalge",9761157474.72173,96640069.1325785,1159882126.16335,0.99004722936645,11.8826289727122
"Birds","Uria","lomvia","Birds_Uria_lomvia",373766693396.479,18319125822.8888,42512318843.8883,4.90121943622635,11.3740254535716
"Birds","Vermivora","celata","Birds_Vermivora_celata",4819987077358.98,106148563305.872,536305617661.803,2.2022582550996,11.1267023967969
"Birds","Vermivora","chrysoptera","Birds_Vermivora_chrysoptera",186606167931.305,2786307892.79771,16168110861.7451,1.49314887266932,8.66429606319178
"Birds","Vermivora","cyanoptera","Birds_Vermivora_cyanoptera",32165250760.9143,531929051.875924,155751462.404061,1.65373824015791,0.484222751943605
"Birds","Vermivora","peregrina","Birds_Vermivora_peregrina",4491448309774.37,53869612480.1521,479946094066.946,1.19938177542687,10.6857757445962
"Birds","Vermivora","ruficapilla","Birds_Vermivora_ruficapilla",1787569363060.72,12684364736.2383,162257033552.659,0.709587275232767,9.07696433523778
"Birds","Vireo","cassinii","Birds_Vireo_cassinii",243452210005.117,2350304469.49178,29793490074.5841,0.965406914746177,12.2379213866894
"Birds","Vireo","flavifrons","Birds_Vireo_flavifrons",162828797522.276,1342043218.34172,5389384483.60394,0.824205078440206,3.30984725405628
"Birds","Vireo","gilvus","Birds_Vireo_gilvus",2183877191962.17,39909441411.3844,218088353191.303,1.82745813538749,9.98629199453084
"Birds","Vireo","griseus","Birds_Vireo_griseus",264500661.823624,0,498704.345011403,0,0.188545594393995
"Birds","Vireo","huttoni","Birds_Vireo_huttoni",55774870016.5474,243950006.391617,6750489965.47849,0.437383370538095,12.1031029986726
"Birds","Vireo","olivaceus","Birds_Vireo_olivaceus",3354322081550.3,43182652719.9563,333536692480.429,1.2873734742848,9.94349034980787
"Birds","Vireo","philadelphicus","Birds_Vireo_philadelphicus",2543043955582.54,22549994318.5142,262616289183.68,0.886732384983436,10.3268482090992
"Birds","Vireo","solitarius","Birds_Vireo_solitarius",2692666004867.17,23518482659.8398,255978309459.103,0.873427399362883,9.50650058330314
"Birds","Wilsonia","canadensis","Birds_Wilsonia_canadensis",2206604939501.95,19756700121.9942,186312213280.394,0.895343782129547,8.44338784641921
"Birds","Wilsonia","citrina","Birds_Wilsonia_citrina",20488711721.0548,437763351.601422,95617906.6032863,2.13660750154225,0.466685792181979
"Birds","Wilsonia","pusilla","Birds_Wilsonia_pusilla",5861789471544.85,155355438135.417,202546259377.389,2.65030736585757,3.45536564150962
"Birds","Xanthocephalus","xanthocephalus","Birds_Xanthocephalus_xanthocephalus",1457829940244.21,20433084661.4782,149433169390.847,1.40160961833829,10.2503841679788
"Birds","Zenaida","macroura","Birds_Zenaida_macroura",1745028653983.44,23386045557.0364,145371197638.12,1.34015252435267,8.33059086487068
"Birds","Zonotrichia","albicollis","Birds_Zonotrichia_albicollis",5050491055458.15,72699581535.6196,472272239213.603,1.43945570316478,9.35101624827571
"Birds","Zonotrichia","atricapilla","Birds_Zonotrichia_atricapilla",908567834972.67,24464148433.5779,159777609528.897,2.69260560322541,17.5856555095529
"Birds","Zonotrichia","leucophrys","Birds_Zonotrichia_leucophrys",4923391688568.2,307956646717.922,584149450869.931,6.25496946409886,11.8647771256203
"Birds","Zonotrichia","querula","Birds_Zonotrichia_querula",1691910658569.52,276174613356.614,198196257458.989,16.3232385798737,11.7143453441307
"Birds","Zoothera","naevia","Birds_Zoothera_naevia",1774131072649.65,92648742017.0541,256203373549.78,5.22220389718354,14.4410623036517
"Mammals","Alces","alces","Mammals_Alces_alces",6122669142629.64,161297952844.319,509814816977.679,2.63443849548014,8.32667591701218
"Mammals","Antilocapra","americana","Mammals_Antilocapra_americana",93733282373.008,668510741.711856,10559702361.5272,0.713205304228591,11.2656914323188
"Mammals","Antrozous","pallidus","Mammals_Antrozous_pallidus",16412263983.4371,512925959.905228,2120880342.15011,3.12526023480283,12.922533687555
"Mammals","Aplodontia","rufa","Mammals_Aplodontia_rufa",14208313029.3459,266491280.574513,2042745716.82059,1.87560113592727,14.3771164993444
"Mammals","Bison","bison","Mammals_Bison_bison",137167746411.16,3762490145.37447,57783155292.9929,2.74298458917334,42.125905546183
"Mammals","Blarina","brevicauda","Mammals_Blarina_brevicauda",1308185251689.12,14019224987.8985,126396140298.66,1.07165441360824,9.66194505980389
"Mammals","Canis","latrans","Mammals_Canis_latrans",5800658096013.58,238120208209.426,562377160603.677,4.10505505182371,9.6950578933477
"Mammals","Canis","lupus","Mammals_Canis_lupus",8403343593271.29,528156075186.461,930194619599.465,6.28507057130646,11.069339356114
"Mammals","Castor","canadensis","Mammals_Castor_canadensis",6705987957294.19,162505173599.641,681558605273.876,2.42328460227671,10.1634331826161
"Mammals","Cervus","canadensis","Mammals_Cervus_canadensis",484722763037.28,5508969995.51075,82405419347.8763,1.13651976255282,17.0005259978968
"Mammals","Condylura","cristata","Mammals_Condylura_cristata",2078418191742.08,10832702306.836,178123579532.096,0.521199359680177,8.5701511004769
"Mammals","Corynorhinus","townsendii","Mammals_Corynorhinus_townsendii",166776441191.141,2006731712.57024,17205584719.5204,1.20324651265963,10.3165558616287
"Mammals","Cryptotis","parva","Mammals_Cryptotis_parva",16538669910.1229,341984125.16481,94219398.0214865,2.06778493689804,0.569691508044534
"Mammals","Cynomys","ludovicianus","Mammals_Cynomys_ludovicianus",3400228389.34401,0,1395511711.95138,0,41.0417052079437
"Mammals","Dicrostonyx","groenlandicus","Mammals_Dicrostonyx_groenlandicus",1778448938082.29,350698893624.957,199738847635.729,19.7193681592633,11.2310701397538
"Mammals","Dicrostonyx","hudsonius","Mammals_Dicrostonyx_hudsonius",490856538754.357,2952759161.69497,49368837186.1382,0.601552373976349,10.0576916651495
"Mammals","Dicrostonyx","nunatakensis","Mammals_Dicrostonyx_nunatakensis",54571425155.2333,1729199840.69945,2049893810.59845,3.16869100592588,3.75635014985836
"Mammals","Dicrostonyx","richardsoni","Mammals_Dicrostonyx_richardsoni",404610497377.971,36848191161.4682,32702720514.8011,9.10707739919215,8.08251904652181
"Mammals","Didelphis","virginiana","Mammals_Didelphis_virginiana",45603122386.9502,576772137.221624,741299605.662014,1.26476457538941,1.62554572332123
"Mammals","Dipodomys","ordii","Mammals_Dipodomys_ordii",79852069999.9873,159051444.92149,11925842058.2436,0.199182619713573,14.9349191050971
"Mammals","Enhydra","lutris","Mammals_Enhydra_lutris",666808362.580107,2086126.17165393,40324036.2073878,0.312852430881641,6.04732011028784
"Mammals","Eptesicus","fuscus","Mammals_Eptesicus_fuscus",2521420963627.76,26173892653.4502,274867672784.397,1.0380611976745,10.9013003679054
"Mammals","Erethizon","dorsatum","Mammals_Erethizon_dorsatum",6222278037934.94,94246552540.4641,642456853028.804,1.51466315014979,10.3251068035208
"Mammals","Euderma","maculatum","Mammals_Euderma_maculatum",74567651612.3449,191440939.48368,9295529797.91766,0.256734569674965,12.4659012278439
"Mammals","Geomys","bursarius","Mammals_Geomys_bursarius",9033303955.52212,30504193.1953848,228958084.92663,0.337685893728145,2.53459958896509
"Mammals","Glaucomys","sabrinus","Mammals_Glaucomys_sabrinus",6023491164281.7,143768861586.634,560780429671.129,2.38680289661848,9.30989046678551
"Mammals","Glaucomys","volans","Mammals_Glaucomys_volans",306102815765.087,1133701965.23481,16289337699.9733,0.370366395487473,5.32152494555107
"Mammals","Gulo","gulo","Mammals_Gulo_gulo",6402455726727.91,541738924269.443,697270204874.316,8.46142398154947,10.8906681222873
"Mammals","Lasionycteris","noctivagans","Mammals_Lasionycteris_noctivagans",2713342959335.62,29451137965.9505,318468133216.419,1.08541892445332,11.7371131474806
"Mammals","Lasiurus","blossevillii","Mammals_Lasiurus_blossevillii",132968627922.651,2377913613.29357,15450495691.3338,1.78832680342977,11.6196549010955
"Mammals","Lasiurus","borealis","Mammals_Lasiurus_borealis",275059711829.527,1278678110.50807,10024805394.9469,0.464872918684855,3.64459241532253
"Mammals","Lasiurus","cinereus","Mammals_Lasiurus_cinereus",5392173435594.39,103942594781.885,540146287526.498,1.92765674219133,10.0172276351671
"Mammals","Lemmiscus","curtatus","Mammals_Lemmiscus_curtatus",225764873504.03,3102433558.19014,19566491800.0036,1.374187892934,8.66675647824119
"Mammals","Lemmus","trimucronatus","Mammals_Lemmus_trimucronatus",3404997473993.86,528937242557.454,366995184524.393,15.534144932479,10.778133826159
"Mammals","Lepus","americanus","Mammals_Lepus_americanus",6676201387420.98,164084295006.909,650628184319.637,2.45774933206883,9.74548469351933
"Mammals","Lepus","arcticus","Mammals_Lepus_arcticus",3208858977373.02,450810481721.865,355044386019.594,14.0489340572681,11.0645057487149
"Mammals","Lepus","townsendii","Mammals_Lepus_townsendii",691800562658.854,14473825066.1133,57776655973.2767,2.09219619748282,8.35163471842506
"Mammals","Lontra","canadensis","Mammals_Lontra_canadensis",9662808986938.18,612909016472.83,991318933101.932,6.34296939224751,10.2591175551743
"Mammals","Lynx","canadensis","Mammals_Lynx_canadensis",6558750424038.88,224662445094.345,633812837678.365,3.4253848762246,9.66362182886756
"Mammals","Lynx","rufus","Mammals_Lynx_rufus",1140192363737.79,9539482836.18116,111747047848.538,0.836655562655124,9.80071884381054
"Mammals","Marmota","broweri","Mammals_Marmota_broweri",3551445589.22659,95222774.8052408,230320755.232541,2.68123986170876,6.48526774368234
"Mammals","Marmota","caligata","Mammals_Marmota_caligata",1269889928148.4,45790649933.4776,214549304171.573,3.60587551082038,16.8951103096316
"Mammals","Marmota","flaviventris","Mammals_Marmota_flaviventris",96841129943.6057,947288657.732846,13470368053.7307,0.978188356831946,13.9097592743652
"Mammals","Marmota","monax","Mammals_Marmota_monax",4804839635018.69,46169247721.1012,415166233807.784,0.960890502663398,8.64058460519608
"Mammals","Marmota","vancouverensis","Mammals_Marmota_vancouverensis",6734346084.7247,11287850.1262508,113672718.051767,0.167616127597819,1.68795480098071
"Mammals","Martes","americana","Mammals_Martes_americana",5892258329974.39,149076998905.291,598890120664.12,2.53004859184337,10.1640166999725
"Mammals","Martes","pennanti","Mammals_Martes_pennanti",2976926914757.72,18241298976.8173,295598972646.782,0.61275602321268,9.92966845042078
"Mammals","Mephitis","mephitis","Mammals_Mephitis_mephitis",4118019715158.06,35194698214.0344,417936958018.468,0.854651037353848,10.148979046411
"Mammals","Microtus","chrotorrhinus","Mammals_Microtus_chrotorrhinus",1032328846013.56,4505880543.69674,86188909334.1838,0.436477248610912,8.34897810586337
"Mammals","Microtus","longicaudus","Mammals_Microtus_longicaudus",1498869204902.67,40947222039.5751,239306880853.85,2.73187426265348,15.9658281103579
"Mammals","Microtus","miurus","Mammals_Microtus_miurus",554479756024.796,51302501243.7166,76326102787.6714,9.25236686935462,13.7653542727822
"Mammals","Microtus","montanus","Mammals_Microtus_montanus",56128174794.7809,1389270254.14081,2813316439.31642,2.47517447203715,5.01230700909592
"Mammals","Microtus","ochrogaster","Mammals_Microtus_ochrogaster",538120930097.135,10603222345.5595,40132267038.5985,1.97041626751919,7.45785283455789
"Mammals","Microtus","oeconomus","Mammals_Microtus_oeconomus",1726057805731.26,222668091361.905,198217741226.684,12.9003843685044,11.4838414199406
"Mammals","Microtus","oregoni","Mammals_Microtus_oregoni",6295333901.85141,63213984.8288551,1291324942.59713,1.00414030160123,20.5124138406282
"Mammals","Microtus","pennsylvanicus","Mammals_Microtus_pennsylvanicus",7491131635360.48,235157670035.674,730456031573.145,3.13914748107824,9.75094374426908
"Mammals","Microtus","pinetorum","Mammals_Microtus_pinetorum",33326999120.9081,454084388.765865,337837646.392211,1.36251207952591,1.01370556996914
"Mammals","Microtus","richardsoni","Mammals_Microtus_richardsoni",187167209601.665,1851679053.10547,50513602193.5554,0.989318084640077,26.9884892236519
"Mammals","Microtus","townsendii","Mammals_Microtus_townsendii",34435556283.7711,118997339.728469,4584615088.90861,0.345565318439624,13.313608327185
"Mammals","Microtus","xanthognathus","Mammals_Microtus_xanthognathus",1992019231290.03,168641007287.792,195343715957.957,8.46583228910799,9.80631677092053
"Mammals","Mustela","erminea","Mammals_Mustela_erminea",8115636577222.03,413264095432.264,856281435146.851,5.09219568298762,10.5510076381458
"Mammals","Mustela","frenata","Mammals_Mustela_frenata",1344603827911.33,17116928901.8565,143026684306.881,1.27300908613695,10.6370873961481
"Mammals","Mustela","nivalis","Mammals_Mustela_nivalis",7720623784065.46,400433108035.639,813303453735.111,5.18653828026292,10.5341676590133
"Mammals","Myodes","gapperi","Mammals_Myodes_gapperi",5728342853182.81,40663724274.3815,574539087231.748,0.709868897805021,10.0297608218845
"Mammals","Myodes","rutilus","Mammals_Myodes_rutilus",2205603095629.36,313845376689.581,262901823204.665,14.2294584783409,11.9197249825063
"Mammals","Myotis","californicus","Mammals_Myotis_californicus",378565918134.167,2756708675.52407,58636948782.1393,0.728197796862176,15.4892307979393
"Mammals","Myotis","ciliolabrum","Mammals_Myotis_ciliolabrum",204829307466.887,2437653239.44024,16481296083.3911,1.19009006552166,8.04635639655983
"Mammals","Myotis","evotis","Mammals_Myotis_evotis",619541868652.412,6257498350.53737,96131728541.0309,1.01002025321522,15.5165830438757
"Mammals","Myotis","keenii","Mammals_Myotis_keenii",91551644760.8611,362580416.653893,18837333220.776,0.39603921655474,20.5756360467148
"Mammals","Myotis","leibii","Mammals_Myotis_leibii",230159822790.236,2673185684.50505,20746683324.735,1.16144757677423,9.01403341088039
"Mammals","Myotis","lucifugus","Mammals_Myotis_lucifugus",5653466943265.57,59311753270.6342,606203455770.542,1.04912178431125,10.722685068366
"Mammals","Myotis","melanorhinus","Mammals_Myotis_melanorhinus",92652001528.9182,159598516.596718,14004982517.819,0.172255875710257,15.1156826476629
"Mammals","Myotis","septentrionalis","Mammals_Myotis_septentrionalis",2499421505604.36,14165472433.6807,245201192664.912,0.566750042036447,9.81031779214136
"Mammals","Myotis","sodalis","Mammals_Myotis_sodalis",5531732348.69307,0,67090665.118438,0,1.21283281419588
"Mammals","Myotis","thysanodes","Mammals_Myotis_thysanodes",44521332931.9452,1280229730.53662,3311155442.46725,2.8755422316164,7.43723339893854
"Mammals","Myotis","volans","Mammals_Myotis_volans",900932490998.593,10344384307.5904,136864465618.072,1.14818639697683,15.1914229962304
"Mammals","Myotis","yumanensis","Mammals_Myotis_yumanensis",374014414758.595,3010148709.53441,57739865968.6526,0.804821576590115,15.4378718279937
"Mammals","Napaeozapus","insignis","Mammals_Napaeozapus_insignis",1269062230975.05,6873222154.21217,102350168429.991,0.541598511597916,8.06502360024951
"Mammals","Neotamias","amoenus","Mammals_Neotamias_amoenus",223248942748.079,2139458231.00557,36196674227.422,0.958328494043445,16.2135926745541
"Mammals","Neotamias","minimus","Mammals_Neotamias_minimus",3375496394348.37,49784176295.2064,329886446996.305,1.47486978148045,9.77297583693579
"Mammals","Neotamias","ruficaudus","Mammals_Neotamias_ruficaudus",23454921491.3143,177243695.444739,2974934226.52479,0.755678058911325,12.683624746416
"Mammals","Neotamias","townsendii","Mammals_Neotamias_townsendii",3144384337.56273,23891600.3758573,472156388.537943,0.759818069643999,15.0158612259187
"Mammals","Neotoma","cinerea","Mammals_Neotoma_cinerea",1224296516932.11,14636937277.1229,195338202550.817,1.19553858682868,15.9551383058985
"Mammals","Neovison","vison","Mammals_Neovison_vison",7094342724848.75,200007027977.042,699720049847.09,2.81924676794222,9.8630708578011
"Mammals","Neurotrichus","gibbsii","Mammals_Neurotrichus_gibbsii",16590094182.9182,111623367.286401,3687582899.75015,0.672831426124952,22.2276188374328
"Mammals","Nycticeius","humeralis","Mammals_Nycticeius_humeralis",1244283.70354175,0,0,0,0
"Mammals","Ochotona","collaris","Mammals_Ochotona_collaris",546628935472.699,29052030782.7172,78722801013.3555,5.31476270234292,14.4015063793284
"Mammals","Ochotona","princeps","Mammals_Ochotona_princeps",252880980135.849,3431489697.11199,61180946319.1115,1.35695839808458,24.1935737065891
"Mammals","Odocoileus","hemionus","Mammals_Odocoileus_hemionus",1873145832340.25,27067320136.1539,215578878280.625,1.44501937162771,11.5089212253851
"Mammals","Odocoileus","virginianus","Mammals_Odocoileus_virginianus",3053492753357.98,27891772232.9999,305608302420.085,0.91343829790743,10.0084829768796
"Mammals","Ondatra","zibethicus","Mammals_Ondatra_zibethicus",6968833485940.73,167283346205.076,527395359686.309,2.40044975306931,7.56791449745933
"Mammals","Onychomys","leucogaster","Mammals_Onychomys_leucogaster",360894540147.83,7533488709.75559,26684945586.0434,2.08744878951887,7.39411174663732
"Mammals","Oreamnos","americanus","Mammals_Oreamnos_americanus",507246592980.946,4002705490.89172,142331689666.22,0.789104460489118,28.0596640047943
"Mammals","Ovibos","moschatus","Mammals_Ovibos_moschatus",1302290964959.14,199650393525.311,184390532983.83,15.3307055717441,14.158935133948
"Mammals","Ovis","canadensis","Mammals_Ovis_canadensis",87264031797.5506,1146846598.9982,24704560414.151,1.3142260051184,28.3101295061231
"Mammals","Ovis","dalli","Mammals_Ovis_dalli",455263222577.492,15984023950.8063,75389159010.2025,3.51094117822917,16.5594661003767
"Mammals","Parascalops","breweri","Mammals_Parascalops_breweri",231696669857.678,2347059669.98616,16873875440.6674,1.01298808974159,7.28274405110456
"Mammals","Perognathus","fasciatus","Mammals_Perognathus_fasciatus",200921070556.254,1182956356.38229,21600192512.9533,0.588766699832551,10.7505860152709
"Mammals","Perognathus","parvus","Mammals_Perognathus_parvus",26141683232.2147,1038446033.57391,1756910088.96819,3.97237631697038,6.72072289057166
"Mammals","Peromyscus","keeni","Mammals_Peromyscus_keeni",115341267176.549,376590071.168798,24160513306.069,0.326500722930643,20.9469809873748
"Mammals","Peromyscus","leucopus","Mammals_Peromyscus_leucopus",285335288046.521,1237371817.61582,20967800949.2383,0.433655376482591,7.34847802835371
"Mammals","Peromyscus","maniculatus","Mammals_Peromyscus_maniculatus",5265669201993.11,53585506847.2047,545289537489.586,1.0176390652668,10.3555600736026
"Mammals","Phenacomys","intermedius","Mammals_Phenacomys_intermedius",226294094605.292,2017600117.81125,28708625939.7641,0.891583194572708,12.6864229443718
"Mammals","Phenacomys","ungava","Mammals_Phenacomys_ungava",5075313297532.91,71234764269.9969,485400200261.491,1.40355402896258,9.56394554987259
"Mammals","Pipistrellus","subflavus","Mammals_Pipistrellus_subflavus",236961978827.291,903167318.612235,8914439324.51626,0.381144402609208,3.76197032478933
"Mammals","Procyon","lotor","Mammals_Procyon_lotor",2232715407571.41,25777505356.8598,204143913770.28,1.15453609848551,9.14330205623176
"Mammals","Puma","concolor","Mammals_Puma_concolor",712931423667.931,5766884761.46647,113871883373.836,0.808897541897742,15.972347352566
"Mammals","Rangifer","tarandus","Mammals_Rangifer_tarandus",7241462371695.3,574118748213.492,763957635470.935,7.92821558332678,10.5497701466629
"Mammals","Reithrodontomys","megalotis","Mammals_Reithrodontomys_megalotis",60715073617.4643,1568344248.69691,8312269497.79811,2.58312171138633,13.6906191536053
"Mammals","Scalopus","aquaticus","Mammals_Scalopus_aquaticus",12180935453.4766,224286319.871566,59226061.1841738,1.84128978212056,0.486219317148338
"Mammals","Scapanus","orarius","Mammals_Scapanus_orarius",12027292280.4311,89165880.1638702,2196626557.75873,0.741362877735557,18.2636831843917
"Mammals","Scapanus","townsendii","Mammals_Scapanus_townsendii",3506640999.61418,38327389.5611205,298614646.651082,1.09299439450282,8.51568913623998
"Mammals","Sciurus","carolinensis","Mammals_Sciurus_carolinensis",516178666310.028,5681898706.76384,30094379761.4967,1.10076201858199,5.83022540947506
"Mammals","Sciurus","niger","Mammals_Sciurus_niger",99869345233.7437,2078874414.13699,4147997255.61775,2.08159411606374,4.15342390190842
"Mammals","Sorex","arcticus","Mammals_Sorex_arcticus",3888492376802.35,92072215038.6006,340625509640.07,2.36781266662312,8.75983483141553
"Mammals","Sorex","bendirii","Mammals_Sorex_bendirii",5307623692.76956,63710397.0706713,714732231.344026,1.20035633192048,13.4661436589351
"Mammals","Sorex","cinereus","Mammals_Sorex_cinereus",6951046968455.56,179010340840.375,711490628821.738,2.57530040658247,10.2357332938555
"Mammals","Sorex","dispar","Mammals_Sorex_dispar",47665843012.0084,37453852.7990541,3375269926.01002,0.0785758741109823,7.08110821654762
"Mammals","Sorex","fumeus","Mammals_Sorex_fumeus",633697844416.386,3785312694.33195,46788484627.3355,0.597337158029644,7.3834059938181
"Mammals","Sorex","haydeni","Mammals_Sorex_haydeni",226215936424.985,6114879387.34654,17254763263.5847,2.70311609517143,7.62756308696513
"Mammals","Sorex","hoyi","Mammals_Sorex_hoyi",5220097364671.92,63831201855.1102,538110069241.573,1.22279715100912,10.3084297408578
"Mammals","Sorex","maritimensis","Mammals_Sorex_maritimensis",60707891586.2357,69692322.5111248,4614575904.5203,0.114799444833505,7.60127848941235
"Mammals","Sorex","merriami","Mammals_Sorex_merriami",698481297.507713,16805201.6806404,56319452.3078732,2.40596301441483,8.06312960831299
"Mammals","Sorex","monticolus","Mammals_Sorex_monticolus",2102897330472.33,42453319742.2487,308855211191.495,2.0188013521665,14.6871274558194
"Mammals","Sorex","palustris","Mammals_Sorex_palustris",3801926973233.86,68701696078.2593,419102111514.998,1.80702303231834,11.0234129815102
"Mammals","Sorex","preblei","Mammals_Sorex_preblei",6645870.69420286,0,4043680.09171093,0,60.8450010205314
"Mammals","Sorex","rohweri","Mammals_Sorex_rohweri",397574969.460143,866810.926733544,690842.171173783,0.218024521994069,0.173764000312157
"Mammals","Sorex","trowbridgii","Mammals_Sorex_trowbridgii",9301539162.03975,78790326.3809076,2012511361.7136,0.847067619759712,21.6363262751911
"Mammals","Sorex","tundrensis","Mammals_Sorex_tundrensis",246123722730.263,56699308146.6051,56545067012.8607,23.0369131092432,22.9742449795589
"Mammals","Sorex","ugyunak","Mammals_Sorex_ugyunak",1147942602645.36,217926338318.27,173442559038.522,18.9840796757672,15.1089922648428
"Mammals","Sorex","vagrans","Mammals_Sorex_vagrans",120712738163.227,867431420.299264,18675180427.9204,0.718591453974252,15.4707620024889
"Mammals","Spermophilus","columbianus","Mammals_Spermophilus_columbianus",232710988911.516,2621756460.75829,55087770758.4947,1.12661480793035,23.6721828290802
"Mammals","Spermophilus","franklinii","Mammals_Spermophilus_franklinii",457681033545.154,9476731396.56135,26674016891.1269,2.07059735972791,5.82808002431572
"Mammals","Spermophilus","lateralis","Mammals_Spermophilus_lateralis",199828012429.262,2092784241.5987,49033117466.8248,1.04729272745959,24.5376595957397
"Mammals","Spermophilus","parryii","Mammals_Spermophilus_parryii",2533965906047.98,364748382478.793,298317586879.308,14.394368196045,11.7727545649803
"Mammals","Spermophilus","richardsonii","Mammals_Spermophilus_richardsonii",519820291028.926,11066198102.1389,37958006178.4805,2.12885073805692,7.30214014988658
"Mammals","Spermophilus","saturatus","Mammals_Spermophilus_saturatus",19190114549.4079,186535665.831044,2249194753.90549,0.972040397939151,11.7205905577822
"Mammals","Spermophilus","tridecemlineatus","Mammals_Spermophilus_tridecemlineatus",668948830532.07,13140695087.6038,50014418069.9015,1.96437970855737,7.47656857851458
"Mammals","Spilogale","gracilis","Mammals_Spilogale_gracilis",67977857409.9221,502317463.666452,11986344286.2078,0.738942771669549,17.6327185688237
"Mammals","Spilogale","putorius","Mammals_Spilogale_putorius",7481515112.63133,274875298.646064,297095725.326796,3.67405925815723,3.97106362620585
"Mammals","Sylvilagus","floridanus","Mammals_Sylvilagus_floridanus",266107378957.491,1991963140.87472,16376755181.9273,0.748556146273915,6.15419055498771
"Mammals","Sylvilagus","nuttallii","Mammals_Sylvilagus_nuttallii",101587928997.18,1701288875.23271,11311362539.425,1.67469589352485,11.1345537320079
"Mammals","Synaptomys","borealis","Mammals_Synaptomys_borealis",5586207155667.11,138563724152.995,584415629681.477,2.48046161360888,10.4617607868086
"Mammals","Synaptomys","cooperi","Mammals_Synaptomys_cooperi",1131025001309.41,6618967050.73518,88645038573.5017,0.585218456097106,7.83758435674507
"Mammals","Tamiasciurus","douglasii","Mammals_Tamiasciurus_douglasii",71955909112.631,595308936.325419,10828747015.4532,0.827324598725582,15.0491421052067
"Mammals","Tamiasciurus","hudsonicus","Mammals_Tamiasciurus_hudsonicus",6470996105323.54,143126431338.149,635325730289.958,2.21181451833053,9.8180515016427
"Mammals","Tamias","striatus","Mammals_Tamias_striatus",1223241951356.62,8365628488.2035,95899376262.8511,0.683889927003053,7.83977169492065
"Mammals","Taxidea","taxus","Mammals_Taxidea_taxus",1824095928417.55,22657033740.0513,173009032430.501,1.24209661274267,9.48464550220178
"Mammals","Thomomys","talpoides","Mammals_Thomomys_talpoides",687608917254.569,13721731726.3853,52642795658.997,1.99557210240558,7.65592102400083
"Mammals","Urocyon","cinereoargenteus","Mammals_Urocyon_cinereoargenteus",113506725973.679,1173725169.03381,6817025835.628,1.03405781372461,6.00583425973258
"Mammals","Ursus","americanus","Mammals_Ursus_americanus",6577770672591.42,148451666187.395,676327247713.552,2.25686898459338,10.282013183155
"Mammals","Ursus","arctos","Mammals_Ursus_arctos",3706035097043.83,301371665647.623,460150547020.635,8.13191612480994,12.4162490362728
"Mammals","Ursus","maritimus","Mammals_Ursus_maritimus",3641931301516.66,421654133545.205,415484430987.167,11.5777618696325,11.4083544303579
"Mammals","Vulpes","lagopus","Mammals_Vulpes_lagopus",4686750301938.57,521704555940.731,493773319137.436,11.1314775127862,10.5355158121652
"Mammals","Zapus","hudsonius","Mammals_Zapus_hudsonius",4800132274023.88,51784829127.1275,488420762474.497,1.07882087765296,10.1751521539856
"Mammals","Zapus","princeps","Mammals_Zapus_princeps",1493386968352.29,18403133537.0823,179957570311.86,1.23230843224694,12.0502973526288
"Mammals","Zapus","trinotatus","Mammals_Zapus_trinotatus",8669643047.22866,75563473.7173003,1671400848.68891,0.871586907392398,19.278773527166
"Reptiles","Actinemys","marmorata","Reptiles_Actinemys_marmorata",6058120765.05655,26001099.1556398,1684018052.20801,0.429194137324153,27.7976969677047
"Reptiles","Apalone","spinifera","Reptiles_Apalone_spinifera",47649308066.9669,635603770.706797,560792835.872015,1.33392025297306,1.1769170605455
"Reptiles","Caretta","caretta","Reptiles_Caretta_caretta",25884018623.2573,151523366.897221,4224075929.05849,0.585393516758926,16.3192431227162
"Reptiles","Charina","bottae","Reptiles_Charina_bottae",88147796607.8486,2517089141.87411,6772689234.7246,2.85553268344542,7.68333355495532
"Reptiles","Chelonia","mydas","Reptiles_Chelonia_mydas",29260103.8311695,0,0,0,0
"Reptiles","Chelydra","serpentina","Reptiles_Chelydra_serpentina",558341390441.371,6094244604.47281,45281344868.3348,1.0914907454121,8.10997458607534
"Reptiles","Chrysemys","picta","Reptiles_Chrysemys_picta",948158166747.763,11294910964.9785,96740585100.3066,1.1912475535301,10.2030007748741
"Reptiles","Clemmys","guttata","Reptiles_Clemmys_guttata",119704313204.619,863905858.633313,3420991957.38576,0.721699858180197,2.85786858117471
"Reptiles","Contia","tenuis","Reptiles_Contia_tenuis",2127024410.73026,70358597.7552657,59545341.134773,3.3078415743762,2.7994667496237
"Reptiles","Crotalus","oreganus","Reptiles_Crotalus_oreganus",39318490010.309,1372284023.12274,3190368278.49335,3.49017478230456,8.11416785755725
"Reptiles","Crotalus","viridis","Reptiles_Crotalus_viridis",103622424921.04,913654029.672536,9298270444.16396,0.881714580959419,8.97322220672718
"Reptiles","Dermochelys","coriacea","Reptiles_Dermochelys_coriacea",35785202074.3587,242532688.16849,4884803770.26819,0.677745755534724,13.6503456376129
"Reptiles","Diadophis","punctatus","Reptiles_Diadophis_punctatus",399620562560.728,3210143166.90335,30749430983.8125,0.803297794871484,7.6946568481795
"Reptiles","Elgaria","coerulea","Reptiles_Elgaria_coerulea",169696494335.094,1764457184.4959,21731189799.2108,1.03977232494366,12.8059155755445
"Reptiles","Emydoidea","blandingii","Reptiles_Emydoidea_blandingii",151651520923.1,1293985579.31541,13923810200.4185,0.85326251358308,9.18145107656322
"Reptiles","Eretmochelys","imbricata","Reptiles_Eretmochelys_imbricata",7643323770.755,76625222.3697957,385968029.28147,1.00251179549635,5.04974067379255
"Reptiles","Glyptemys","insculpta","Reptiles_Glyptemys_insculpta",303418219942.741,1937645648.49277,20417634524.0838,0.638605568531261,6.72920516372974
"Reptiles","Graptemys","geographica","Reptiles_Graptemys_geographica",158055789056.288,1312507532.64688,13447842910.9031,0.830407756959449,8.50828874487726
"Reptiles","Heterodon","nasicus","Reptiles_Heterodon_nasicus",101124140632.775,350045304.179171,14666838492.569,0.346154045897246,14.503795434792
"Reptiles","Heterodon","platirhinos","Reptiles_Heterodon_platirhinos",85079043366.6957,905861506.234708,7610065518.41273,1.06472930393727,8.94470038363372
"Reptiles","Hypsiglena","torquata","Reptiles_Hypsiglena_torquata",3127901518.80988,239534310.537856,577693073.419785,7.65798760278731,18.4690301131856
"Reptiles","Lepidochelys","olivacea","Reptiles_Lepidochelys_olivacea",9230264494.1346,95474131.6714998,1122233734.23745,1.03435965168895,12.1581969287075
"Reptiles","Liochlorophis","vernalis","Reptiles_Liochlorophis_vernalis",472542976139.868,3323902356.14669,32698209593.7592,0.703407419849756,6.91962662546926
"Reptiles","Nerodia","sipedon","Reptiles_Nerodia_sipedon",196605328530.194,2488709024.38487,15742809061.5841,1.26584006801355,8.00731555918453
"Reptiles","Pantherophis","gloydi","Reptiles_Pantherophis_gloydi",36731133657.3546,506679428.139286,1236523774.49732,1.37942768896226,3.36641876080439
"Reptiles","Pantherophis","obsoletus","Reptiles_Pantherophis_obsoletus",23444061249.7551,434173174.935179,162741818.377915,1.85195376479283,0.694170760962394
"Reptiles","Phrynosoma","hernandesi","Reptiles_Phrynosoma_hernandesi",28746480717.326,38542065.4728319,4396600801.32982,0.134075770358915,15.2943967108986
"Reptiles","Pituophis","catenifer","Reptiles_Pituophis_catenifer",170985784459.158,3155116496.79918,15657321674.9212,1.84525076559965,9.1570897103795
"Reptiles","Plestiodon","fasciatus","Reptiles_Plestiodon_fasciatus",83909707099.3371,746954066.156477,2059712611.59334,0.890187907904612,2.45467739406471
"Reptiles","Plestiodon","septentrionalis","Reptiles_Plestiodon_septentrionalis",6179306491.16219,26357975.5928796,444094034.603857,0.426552326390954,7.18679410446807
"Reptiles","Plestiodon","skiltonianus","Reptiles_Plestiodon_skiltonianus",45715121322.6326,570990287.722912,5041968273.17394,1.2490184236703,11.0291039973195
"Reptiles","Regina","septemvittata","Reptiles_Regina_septemvittata",37884009816.9374,496732830.575147,300903740.436711,1.31119391261763,0.794276376473172
"Reptiles","Sistrurus","catenatus","Reptiles_Sistrurus_catenatus",64928276430.6576,1444878316.44926,3296637143.10861,2.225345251529,5.07735200183446
"Reptiles","Sternotherus","odoratus","Reptiles_Sternotherus_odoratus",102657111867.087,980265366.657476,3610496350.087,0.954892796834821,3.51704454218585
"Reptiles","Storeria","occipitomaculata","Reptiles_Storeria_occipitomaculata",662990757433.229,5671105391.58496,52438619161.4409,0.855382270114995,7.90940425239972
"Reptiles","Thamnophis","butleri","Reptiles_Thamnophis_butleri",13718336148.102,187892072.514321,87942031.2241887,1.36964184640071,0.641054645948122
"Reptiles","Thamnophis","elegans","Reptiles_Thamnophis_elegans",383564869801.822,5894914879.52228,37773005196.1563,1.53687559618482,9.84787924287036
"Reptiles","Thamnophis","ordinoides","Reptiles_Thamnophis_ordinoides",52656381032.6328,203466765.980691,7338435701.51577,0.386404766128147,13.9364604205669
"Reptiles","Thamnophis","radix","Reptiles_Thamnophis_radix",513618003323.015,10878592799.264,37041972538.9955,2.11803183083176,7.21196926496748
"Reptiles","Thamnophis","sauritus","Reptiles_Thamnophis_sauritus",91815655428.7956,798969853.939502,2389674154.48277,0.870189130827602,2.60268702905029
"Reptiles","Thamnophis","sirtalis","Reptiles_Thamnophis_sirtalis",2898407132829.19,28385189732.9189,316433212404.436,0.979337561359488,10.9174866712241
